PLAYER,TEAM,AGE,GP,W,L,MIN,PTS,FGM,FGA,FG%,3PM,3PA,3P%,FTM,FTA,FT%,OREB,DREB,REB,AST,TOV,STL,BLK,PF,FP,DD2,TD3,Plusminus
Vince Carter,ATL,42,76,25,51,1330,16.9,5.9,14.1,41.9,3.7,9.5,38.9,1.4,2,71.2,0.9,4.9,5.8,2.6,1.4,1.3,0.8,4.2,32.8,0,0,-5.4
Trae Young,ATL,20,81,29,52,2503,24.8,8.4,20.1,41.8,2.5,7.7,32.4,5.5,6.6,82.9,1,3.8,4.8,10.4,4.9,1.2,0.2,2.2,45.4,30,1,-5.4
Taurean Prince,ATL,25,55,19,36,1552,19.1,6.8,15.3,44.1,3.2,8.1,39,2.4,3,81.9,0.6,4.6,5.1,3,2.6,1.4,0.5,3.6,32.8,0,0,-6.3
Omari Spellman,ATL,21,46,15,31,805,13.5,4.9,12.1,40.2,2.2,6.4,34.4,1.6,2.2,71.1,3.6,6.1,9.6,2.3,1.5,1.3,1.2,3.3,34.7,4,0,-10
Miles Plumlee,ATL,30,18,1,17,173,18.5,7.4,11.1,66.7,0,0,0,3.7,6.9,53.3,3.7,5.3,9,3.9,2.3,1.4,0.9,3.2,39.9,0,0,-9.9
Kevin Huerter,ATL,20,75,27,48,2049,14.2,5.4,12.8,41.9,2.7,6.9,38.5,0.8,1.1,73.2,1.2,3.6,4.8,4.2,2.1,1.3,0.5,3,29.3,1,0,-2.3
Kent Bazemore,ATL,29,67,24,43,1643,19,6.8,16.8,40.2,2.3,7.3,32,3.1,4.3,72.6,0.9,5.5,6.4,3.7,2.9,2.2,1,4.1,38.8,0,0,-7.2
Justin Anderson,ATL,25,48,17,31,464,15.4,5.5,13.5,40.8,2.1,6.6,31.2,2.2,3,74.3,2.1,5.2,7.2,2,2,1.9,1.1,4.1,34.1,1,0,-6.8
Jordan Sibert,ATL,26,1,1,0,4,28.3,9.4,9.4,100,9.4,9.4,100,0,0,0,0,0,0,0,0,0,0,0,28.3,0,0,-47.2
John Collins,ATL,21,61,24,37,1828,26,10.2,18.2,56,1.2,3.5,34.8,4.4,5.8,76.3,4.8,8.2,13,2.6,2.6,0.5,0.9,4.4,47,32,0,-1.7
Jaylen Adams,ATL,23,34,13,21,428,10.1,3.6,10.3,34.5,2.3,6.9,33.8,0.7,0.8,77.8,1,4.6,5.6,6.1,2.6,1.3,0.5,4.2,28.7,0,0,-5.3
Isaac Humphries,ATL,21,5,1,4,56,10.6,4.3,14.9,28.6,2.1,7.8,27.3,0,0,0,2.8,5,7.8,0,0,0.7,0,5,22.1,0,0,-15.6
Deyonta Davis,ATL,22,9,3,6,118,12.2,5.1,7.4,68.2,0,0.3,0,2,3.4,60,3.4,8.8,12.2,1.7,1,1,1.7,4.1,36.4,0,0,-7.4
Dewayne Dedmon,ATL,29,64,24,40,1609,17.2,6.4,13.1,49.2,2.1,5.4,38.2,2.3,2.8,81.4,2.6,9.3,11.9,2.2,2.1,1.7,1.8,5.3,43.3,11,0,-4.3
DeAndre' Bembry,ATL,24,82,29,53,1931,14.2,5.7,12.8,44.6,1,3.6,28.9,1.8,2.8,64,1.1,6.3,7.4,4.2,2.9,2.2,0.8,3.9,35.5,3,0,-4.7
Daniel Hamilton,ATL,23,19,7,12,204,11.2,4.5,11.8,38.3,1.6,4.5,34.8,0.6,1.2,50,2,7.2,9.2,4.3,3.1,1.2,0.2,3.7,29.7,0,0,-5.1
Alex Poythress,ATL,25,21,7,14,305,14,5.2,10.6,49.4,1.2,3,39.1,2.4,3.8,62.1,3.8,6.2,10,2.2,1.7,0.5,1.3,6.2,33.2,0,0,-9.8
Alex Len,ATL,26,77,28,49,1544,22.1,8.3,16.8,49.4,1.9,5.3,36.3,3.6,5.6,64.8,4.1,6.9,11,2.2,2.5,0.7,1.8,5.2,43.6,9,0,-4.2
Treveon Graham,BKN,25,35,19,16,715,10.3,3.6,10.7,33.5,2.1,7.2,29.7,1,1.2,81.8,1.3,4.7,6,1.9,1,0.7,0.4,3.8,22.7,0,0,1.6
Theo Pinson,BKN,23,18,7,11,211,15.3,4.7,13.8,34.2,2.3,8.7,26.1,3.6,4.2,86.4,0.8,6.1,6.8,4,3.4,1.1,0,2.8,29.5,0,0,-0.2
Tahjere McCall,BKN,24,1,0,1,8,20.1,10,15.1,66.7,0,5,0,0,5,0,0,5,5,0,0,0,0,10,26.1,0,0,75.3
Spencer Dinwiddie,BKN,26,68,36,32,1914,23.9,7.6,17.3,44.2,2.6,7.7,33.5,6,7.4,80.6,0.5,2.9,3.5,6.5,3.2,0.8,0.4,3.9,38.2,2,0,-1.8
Shabazz Napier,BKN,27,56,26,30,983,21.5,6.9,17.7,38.9,3.1,9.3,33.3,4.7,5.6,83.3,0.7,3.3,4.1,5.8,2.7,1.7,0.7,2.7,39.4,1,0,0.6
Rondae Hollis-Jefferson,BKN,24,59,27,32,1234,17.1,6.5,15.8,41.1,0.3,1.6,18.4,3.8,5.9,64.5,2.7,7.4,10,3.1,2.2,1.4,0.9,3.5,38.5,4,0,-0.3
Rodions Kurucs,BKN,21,63,36,27,1294,16.5,6.2,13.9,45,1.8,5.7,31.5,2.2,2.8,78.3,1.7,5.9,7.6,1.6,2.4,1.3,0.8,4.5,31.8,2,0,-0.1
Joe Harris,BKN,27,76,41,35,2294,18.2,6.5,13,50,3.2,6.7,47.4,1.9,2.3,82.7,0.9,4.2,5.1,3.2,2.1,0.7,0.3,3.2,29.7,0,0,-1.4
Jarrett Allen,BKN,21,80,42,38,2096,16.7,6.4,10.8,59,0.1,0.9,13.3,3.8,5.3,70.9,3.6,9.2,12.8,2.1,2,0.8,2.3,3.5,42.6,24,0,-2.3
Jared Dudley,BKN,33,59,28,31,1220,9.4,3.3,7.8,42.3,1.7,5,35.1,1,1.5,69.6,1.1,4,5.1,2.7,1.4,1.2,0.5,4.3,23.3,0,0,1.1
Ed Davis,BKN,30,81,42,39,1446,13.1,5.1,8.4,61.6,0,0.1,0,2.8,4.5,61.7,6,13.2,19.2,1.7,1.8,1,0.9,6.3,42.5,6,0,2.6
Dzanan Musa,BKN,20,9,4,5,39,19.3,9.2,22.4,40.9,1,10.2,10,0,2,0,1,4.1,5.1,2,4.1,2,0,1,30.5,0,0,10.2
DeMarre Carroll,BKN,32,67,36,31,1703,17.5,5.3,13.5,39.5,2.5,7.3,34.2,4.3,5.7,76,1.6,6.6,8.2,2,1.7,0.7,0.2,2.7,31.5,3,0,1.2
D'Angelo Russell,BKN,23,81,42,39,2448,28,10.8,24.8,43.4,3.8,10.4,36.9,2.6,3.3,78,0.9,4.3,5.1,9.2,4.1,1.6,0.3,2.3,49.7,14,0,0.4
Caris LeVert,BKN,24,40,19,21,1063,20.6,7.8,18.2,42.9,1.8,5.8,31.2,3.2,4.6,69.1,1.3,4.4,5.7,5.9,2.6,1.6,0.5,2.9,39.9,0,0,-0.5
Allen Crabbe,BKN,27,43,19,24,1133,14.6,4.8,13.2,36.7,3.5,9.1,37.8,1.4,2,73.2,0.6,4.7,5.2,1.6,1.6,0.8,0.5,3.6,25.5,1,0,0.1
Alan Williams,BKN,26,5,1,4,26,28.2,12.5,20.4,61.5,0,1.6,0,3.1,6.3,50,6.3,23.5,29.8,4.7,1.6,1.6,0,3.1,74.1,0,0,25.1
Terry Rozier,BOS,25,79,47,32,1791,15.8,5.8,14.9,38.7,2.7,7.5,35.3,1.6,2.1,78.5,0.7,6.1,6.9,5.2,1.5,1.5,0.5,2.3,36.2,1,0,-0.9
Semi Ojeleye,BOS,24,56,39,17,594,12.5,4.5,10.6,42.4,1.9,6,31.5,1.6,2.6,61.5,1.6,4.2,5.8,1.5,1.3,0.7,0.3,2.9,23.3,0,0,4.7
Robert Williams III,BOS,21,32,18,14,283,11.5,5.1,7.2,70.6,0,0,0,1.3,2.1,60,3.8,7.6,11.5,1,1.4,1.3,5.7,5.1,46.1,0,0,-7.1
RJ Hunter,BOS,25,1,1,0,26,26.5,9.3,20.2,46.2,6.2,15.6,40,1.6,3.1,50,1.6,3.1,4.7,4.7,0,1.6,0,4.7,43.8,0,0,43.6
PJ Dozier,BOS,22,6,5,1,51,14.9,6.3,16.5,38.1,1.6,6.3,25,0.8,1.6,50,4.7,8.7,13.4,3.9,0,1.6,0,1.6,41.6,1,0,19.7
Marcus Smart,BOS,25,80,48,32,2200,12.9,4.3,10.3,42.2,2.3,6.3,36.4,1.9,2.3,80.6,1,3.2,4.3,5.8,2.2,2.6,0.5,3.7,33.8,1,0,3
Marcus Morris Sr.,BOS,29,75,44,31,2091,20,7.2,16.1,44.7,2.8,7.4,37.5,2.8,3.3,84.4,1.5,7.3,8.8,2.1,1.8,0.8,0.5,3.5,35.8,5,0,1.4
Kyrie Irving,BOS,27,67,37,30,2214,28.8,10.9,22.4,48.7,3.1,7.8,40.1,3.9,4.4,87.3,1.3,4.8,6.1,8.4,3.1,1.9,0.6,3,53,21,1,6
Jayson Tatum,BOS,21,79,48,31,2455,20.3,7.6,16.9,45,1.9,5.1,37.3,3.2,3.7,85.5,1.1,6.6,7.8,2.7,2,1.4,0.9,2.7,38.6,8,0,5.9
Jaylen Brown,BOS,22,74,41,33,1913,20.2,7.7,16.6,46.5,2,5.8,34.4,2.8,4.2,65.8,1.4,5.2,6.5,2.1,2.1,1.4,0.7,3.9,35.4,2,0,1.4
Guerschon Yabusele,BOS,23,41,27,14,251,15,5.6,12.3,45.5,1.4,4.5,32.1,2.4,3.5,68.2,3.7,4.8,8.5,2.4,2.4,1.3,1.1,5.1,33.5,0,0,-2.9
Gordon Hayward,BOS,29,72,44,28,1863,17.7,6.4,13.6,46.6,1.7,5,33.3,3.3,4,83.4,1.1,5.8,6.9,5.2,2.3,1.3,0.5,2.2,37.1,2,0,4.6
Daniel Theis,BOS,27,66,38,28,908,16.5,6.4,11.7,54.9,1.1,3,38.8,2.5,3.3,73.7,3.8,6.1,9.9,3,1.5,0.9,1.9,7.1,39.8,1,0,5.8
Brad Wanamaker,BOS,29,36,27,9,343,16.3,5.8,12.3,47.6,1.9,4.6,41,2.8,3.3,85.7,0.4,4.4,4.8,6.5,2.2,1.4,0.2,4,34.6,0,0,8.4
Aron Baynes,BOS,32,51,32,19,821,13.8,5.1,10.9,47.1,1,3,34.4,2.6,3,85.5,4.3,7.4,11.7,2.8,1.9,0.6,1.7,6.1,36.8,3,0,6.3
Al Horford,BOS,33,68,41,27,1973,18.8,7.8,14.7,53.5,1.5,4.1,36,1.6,1.9,82.1,2.4,6.9,9.3,5.7,2.1,1.2,1.7,2.6,45.3,10,1,5.2
Willy Hernangomez,CHA,25,58,31,27,812,20.7,7.5,14.5,51.9,0.7,1.9,38.5,4.9,7.1,69.4,5.8,9.6,15.3,3,2.9,0.8,1,4.8,46,4,0,-4.6
Tony Parker,CHA,37,56,30,26,1003,21.1,8.5,18.5,46,0.5,2,25.5,3.6,4.9,73.4,0.6,2.8,3.3,8.3,3,0.8,0.3,2.1,37.9,1,0,0.8
Shelvin Mack,CHA,29,57,22,35,1247,13.8,5.2,12.9,40.4,1.5,4.2,35.4,1.9,2.7,69,0.6,2.8,3.3,5.9,2.1,1.5,0.1,2.7,29.4,0,0,-7.8
Nicolas Batum,CHA,30,75,35,40,2354,11.9,4.3,9.5,45,2,5.1,38.9,1.3,1.5,86.5,1.2,5.4,6.6,4.2,2,1.2,0.7,2.4,29.9,0,0,-0.4
Miles Bridges,CHA,21,80,38,42,1696,14.1,5.6,12,46.4,1.5,4.7,32.5,1.4,1.8,75.3,1.6,6,7.6,2.2,1.2,1.3,1.2,2.6,32.8,1,0,-3
Michael Kidd-Gilchrist,CHA,25,64,29,35,1179,14.5,5.4,11.3,47.6,0.5,1.6,34,3.2,4.2,77.2,3,5.4,8.3,2.1,1.5,1.1,1.3,5.3,33.4,1,0,-1.7
Marvin Williams,CHA,33,75,35,40,2133,14.2,5.2,12.2,42.2,2.6,7.2,36.6,1.2,1.6,76.7,1.4,6.2,7.6,1.7,0.9,1.3,1.1,2.9,32.5,5,0,-0.1
Malik Monk,CHA,21,73,34,39,1258,20.8,7.2,18.6,38.7,3.5,10.5,33,2.9,3.2,88.2,0.5,3.8,4.4,3.7,2.7,1.2,0.6,3.4,34.2,0,0,-1.4
Kemba Walker,CHA,29,82,39,43,2863,29.4,10.2,23.5,43.4,3.6,10.2,35.6,5.3,6.3,84.4,0.7,4.3,5,6.8,2.9,1.4,0.5,1.8,48.3,10,0,0.5
Joe Chealey,CHA,23,1,0,1,8,10.3,5.2,15.5,33.3,0,0,0,0,0,0,0,0,0,5.2,0,0,0,5.2,18.1,0,0,-15.5
Jeremy Lamb,CHA,27,79,38,41,2250,21.5,7.7,17.4,44,2,5.9,34.8,4.1,4.6,88.8,1.2,6.6,7.7,3.1,1.4,1.6,0.6,2.5,40.3,7,0,0.9
J.P. Macura,CHA,24,2,1,1,17,14.3,7.1,21.4,33.3,0,9.5,0,0,0,0,0,7.1,7.1,4.8,0,0,0,0,29.9,0,0,2.4
Frank Kaminsky,CHA,26,47,22,25,755,21.5,7.3,15.8,46.3,2.7,7.4,36,4.2,5.7,73.8,2.1,6.6,8.6,3.3,2.2,0.6,0.6,3.6,38.5,2,0,2.2
Dwayne Bacon,CHA,23,43,20,23,759,16.7,6.4,13.6,47.5,2,4.6,43.7,1.8,2.4,73.9,0.4,4.3,4.7,2.5,0.9,0.6,0.3,3.8,27.7,0,0,-1.2
Devonte' Graham,CHA,24,46,18,28,676,12.8,4.4,12.8,34.3,2,7.2,28.1,2.1,2.7,76.1,0.6,3.1,3.7,7.2,1.8,1.4,0.1,2.8,30.7,0,0,-5.9
Cody Zeller,CHA,26,49,22,27,1243,16,6.1,11.1,55.1,0.2,0.7,27.3,3.6,4.5,78.7,3.5,7.2,10.7,3.3,2,1.2,1.3,5.3,39.4,4,0,1.4
Bismack Biyombo,CHA,26,54,24,30,782,12.1,4.5,8,57.1,0,0,0,3,4.7,63.7,4.1,8.5,12.6,1.7,1.7,0.6,2.1,5.3,36,3,0,-6.8
Zach LaVine,CHI,24,63,16,47,2171,27.5,9.8,20.9,46.7,2.2,5.9,37.4,5.7,6.9,83.2,0.7,4.7,5.4,5.2,4,1.1,0.5,2.6,42.6,2,0,-5.5
Wendell Carter Jr.,CHI,20,44,10,34,1110,16.4,6.5,13.4,48.5,0.2,1.2,18.8,3.2,4,79.5,3.1,7.9,11.1,2.8,2.3,0.9,2.1,5.5,40.6,7,0,-10.5
Wayne Selden,CHI,24,75,27,48,1439,14.3,5.4,13.4,40.6,1.5,4.8,31.6,1.9,2.6,72.8,1,4,5,3,2.2,0.9,0.4,3.6,26.5,1,0,-8.1
Walter Lemon Jr.,CHI,26,6,1,5,167,20.6,9.1,20.8,43.7,0.5,1.2,40,1.9,2.6,72.7,1,5.5,6.5,7.2,2.4,2.6,0.2,3.4,45.3,0,0,-5.5
Tyler Ulis,CHI,23,1,0,1,1,0,0,0,0,0,0,0,0,0,0,0,0,0,0,0,0,0,0,0,0,0,0
Timothe Luwawu-Cabarrot,CHI,24,50,25,25,669,13.8,4.9,13,37.6,2.2,6.9,31,1.9,2.5,75.6,0.7,5.1,5.8,1.6,1.3,1.1,0.5,4.4,26.7,1,0,-12.5
Shaquille Harrison,CHI,25,73,20,53,1430,13.3,5.1,11.9,43.2,0.7,2.5,27,2.3,3.4,66.7,0.9,5.3,6.2,3.9,1.7,2.5,0.8,3.5,34.9,1,0,-8.8
Ryan Arcidiacono,CHI,25,81,22,59,1961,11.1,3.8,8.5,44.7,1.7,4.4,37.3,1.8,2.1,87.3,0.6,3.9,4.5,5.5,1.3,1.3,0.1,3.5,27.6,0,0,-5.1
Robin Lopez,CHI,31,74,20,54,1606,17.5,7.6,13.3,56.8,0.2,0.8,22.6,2.2,3.1,72.4,3.5,3.6,7.1,2.2,2.4,0.3,1.9,3.1,33.7,2,0,-3.5
Rawle Alkins,CHI,21,10,3,7,120,12.3,4.3,13,33.3,1,4,25,2.7,4,66.7,3.7,5,8.6,4.3,2.7,0.3,0,2.3,27.5,0,0,-4.3
Otto Porter Jr.,CHI,26,56,25,31,1684,18.5,7.1,15.3,46.5,2.5,6.1,40.6,1.9,2.3,81.3,1.3,6.2,7.5,2.9,1.5,1.9,0.7,2.6,38.3,6,0,-0.5
Lauri Markkanen,CHI,22,52,16,36,1682,23.2,8.1,18.9,43,2.9,7.9,36.1,4,4.6,87.2,1.8,9.4,11.2,1.8,2,0.9,0.8,2.9,42.2,20,0,-4.7
Kris Dunn,CHI,25,46,14,32,1389,14.9,6.2,14.6,42.5,1,2.8,35.4,1.6,2,79.7,0.5,4.8,5.4,8,3,2,0.6,4.8,38.1,2,0,-6.4
JaKarr Sampson,CHI,26,4,1,3,127,25.1,9.1,17,53.7,1.6,4.4,35.7,5.3,6.6,81,1.6,8.5,10.1,1.3,1.3,1.3,0.9,2.5,44.4,0,0,-2.2
Cristiano Felicio,CHI,26,60,16,44,746,12.9,5.1,9.6,53.1,0,0.2,0,2.7,3.9,68.5,4.2,7.4,11.7,2,1.8,0.6,0.4,3.7,31,0,0,-7
Chandler Hutchison,CHI,23,44,10,34,895,10.2,4.3,9.3,45.9,0.6,2.2,28,1,1.7,60.5,1.4,6.9,8.3,1.5,1.1,1,0.3,2.6,25.2,1,0,-5.1
Brandon Sampson,CHI,22,14,3,11,214,13.3,5.2,11.2,46.7,2.1,5.4,37.9,0.7,1.1,66.7,0.6,2.4,3,1.9,2.2,1.5,0.6,3.5,23.6,0,0,-5.2
Antonio Blakeney,CHI,22,57,14,43,829,20.2,8,19.1,41.9,1.7,4.4,39.6,2.4,3.7,65.8,0.3,4.8,5.1,2,1.7,0.6,0.4,2,30.7,0,0,-7.1
Tristan Thompson,CLE,28,43,8,35,1198,15.7,6.7,12.7,52.9,0,0,0,2.3,3.5,64.2,5.8,8.9,14.6,2.9,2,0.9,0.5,3,40,19,0,-10.1
Nik Stauskas,CLE,25,68,33,35,1015,15.7,5.4,13.3,40.2,2.8,7.4,37.2,2.2,2.5,89.1,0.7,4.3,5,3.2,2,0.8,0.3,2,27.8,0,0,-10.1
Matthew Dellavedova,CLE,28,48,20,28,812,13.9,4.8,11.9,40.5,2.2,6.4,33.8,2.1,2.6,80.8,0.3,3.5,3.8,8.9,3.3,0.7,0.1,3.7,30.8,0,0,-3
Marquese Chriss,CLE,21,43,17,26,499,14.6,5.4,14.4,37.2,1.3,5.8,22.2,2.6,3.6,71.1,3.2,8.2,11.4,1.8,2.9,1.4,0.9,6.5,34.8,1,0,-13.6
Larry Nance Jr.,CLE,26,67,16,51,1795,14,5.5,10.7,52,0.7,2.2,33.7,2.1,3,71.6,3.7,8.6,12.3,4.8,2.2,2.2,0.9,4.3,43.1,18,0,-7.2
Kobi Simmons,CLE,21,1,0,1,2,0,0,0,0,0,0,0,0,0,0,0,0,0,0,0,0,0,0,0,0,0,66.7
Kevin Love,CLE,30,22,7,15,598,25,7.3,18.9,38.5,3.5,9.8,36.1,6.9,7.6,90.4,2.2,13.8,16,3.2,2.8,0.4,0.3,3.6,48.4,12,0,-3.7
Jordan Clarkson,CLE,27,81,18,63,2214,24.6,9.6,21.3,44.8,2.6,8,32.4,2.9,3.5,84.4,1.5,3.4,4.9,3.5,2.4,1,0.2,2,37.2,1,0,-6.3
John Holland,CLE,30,1,0,1,1,0,0,0,0,0,0,0,0,0,0,0,0,0,0,0,0,0,0,0,0,0,54.3
John Henson,CLE,28,14,10,4,188,16.8,6.6,14.2,46.3,2.3,6.6,35.5,1.3,2.1,60,3.4,11.7,15.1,3,2.5,1.5,2.3,3.4,48.2,0,0,0.2
Jaron Blossomgame,CLE,25,27,4,23,439,10.4,4.3,9.7,44.3,0.9,3.6,25.6,0.9,1.2,76.9,2.4,6.6,8.9,1.2,1,0.6,0.7,1.8,26,1,0,-3.9
Jalen Jones,CLE,26,16,3,13,214,15.1,4.9,11.6,41.9,1.9,5.2,35.7,3.5,5,70.4,2.1,4.3,6.4,1.3,1.5,1.7,0.4,5,29.4,0,0,-4.7
JR Smith,CLE,33,11,1,10,222,13.3,4.9,14.2,34.2,2.2,7,30.8,1.4,1.8,80,0,3.2,3.2,3.8,2,2,0.5,3.4,28.4,0,0,-2.5
Deng Adel,CLE,22,19,4,15,194,6.6,2.3,7.4,30.6,1.2,4.7,26.1,0.8,0.8,100,0.6,3.3,3.9,1,1.2,0.2,0.8,2.7,14.7,0,0,-6.4
David Nwaba,CLE,26,51,14,37,984,13.6,5.1,10.6,48.1,1,3,32,2.4,3.5,68.2,1.7,5,6.6,2.2,1.2,1.5,0.7,4.3,30.1,0,0,-3.1
Collin Sexton,CLE,20,82,19,63,2605,21.1,8,18.5,43,1.8,4.5,40.2,3.3,3.9,83.9,0.9,2.7,3.6,3.7,2.8,0.7,0.1,2.9,30.5,2,0,-10.3
Channing Frye,CLE,36,36,7,29,341,15.1,5,13.7,36.8,3.8,9.3,40.5,1.3,1.6,78.6,0.5,5.6,6.1,2.3,1.5,0.7,0.6,5.2,28.3,0,0,-17.1
Cedi Osman,CLE,24,76,17,59,2444,16.2,5.9,13.8,42.7,2.1,6.1,34.8,2.3,3,77.9,0.7,5.1,5.8,3.2,1.9,1,0.2,3.2,29.6,3,0,-10.5
Cameron Payne,CLE,24,40,7,33,712,14,5.4,12.5,43,1.4,4.7,29.8,1.9,2.3,80.5,0.7,3.3,4,6,2.5,1.6,0.5,3.6,31.5,0,0,-12.6
Brandon Knight,CLE,27,39,17,22,737,14.4,5.4,14.1,38.1,2.2,7,31.8,1.5,1.8,79.4,0.5,2.7,3.2,3.9,1.6,1.1,0.1,3.4,26.2,0,0,-10.3
Ante Zizic,CLE,22,59,13,46,1082,17,6.8,12.2,55.3,0,0,0,3.4,4.9,70.5,4,7.8,11.8,2,2.3,0.5,0.8,4.2,35.7,4,0,-3
Trey Burke,DAL,26,58,16,42,1125,22.4,8.4,19.5,43.1,2,5.7,35.2,3.7,4.4,83.1,1,2.5,3.5,5.7,1.7,1.2,0.2,2.1,37.7,1,0,-1.2
Tim Hardaway Jr.,DAL,27,65,14,51,2057,22.8,7.6,19.3,39.3,3.2,9.3,34,4.5,5.4,84.1,0.6,3.7,4.3,3.1,2,1.1,0.2,2.7,34.2,2,0,-7.8
Salah Mejri,DAL,33,36,13,23,399,14.1,5.5,11.2,49.1,1.1,3.4,32.4,2,3.2,62.5,3.6,9.5,13.1,3.5,2.1,1,2.6,5.5,43.9,1,0,-5
Ryan Broekhoff,DAL,28,42,15,27,454,14.7,5,11.1,45.2,3.4,8.2,40.9,1.3,1.7,78.9,0.7,4.9,5.6,1.9,1.4,0.5,0.4,3.1,25.5,0,0,6.2
Maxi Kleber,DAL,27,71,30,41,1502,12.9,4.7,10.3,45.3,2.1,5.8,35.3,1.5,2,78.4,2.4,6.4,8.8,1.9,1.4,1,2.1,3.8,33.9,3,0,1.7
Luka Doncic,DAL,20,72,28,44,2318,26.3,8.7,20.5,42.7,2.9,8.9,32.7,6,8.4,71.3,1.5,8.2,9.7,7.4,4.3,1.3,0.4,2.4,50.1,24,8,-2
Kostas Antetokounmpo,DAL,21,2,1,1,11,7.6,0,11.4,0,0,0,0,7.6,15.1,50,0,3.8,3.8,0,3.8,7.6,0,0,31,0,0,11.4
Justin Jackson,DAL,24,81,36,45,1613,14.5,5.4,12,44.7,2.2,6.1,35.5,1.5,2,78.5,1.1,4.2,5.3,2.4,0.7,0.8,0.3,2.5,27,0,0,-1.3
Jalen Brunson,DAL,22,73,27,46,1591,17,6.6,14.2,46.7,1.6,4.5,34.8,2.2,3,72.5,0.6,3.6,4.2,5.8,2.2,0.9,0.1,3.2,31.7,3,0,-2.1
J.J. Barea,DAL,35,38,20,18,752,22.1,8.6,20.5,41.8,2,6.8,29.7,2.9,4.1,70.5,0.7,4.4,5.1,11.2,3.8,1.2,0.1,2.7,44.8,3,0,3.1
Dwight Powell,DAL,27,77,31,46,1663,19.6,7,11.7,59.7,0.9,3.1,30.7,4.7,6.1,77.2,3.4,6.5,9.9,2.7,1.6,1.1,1.2,4.8,40.7,6,0,0.4
Dorian Finney-Smith,DAL,26,81,33,48,1985,12.3,4.6,10.6,43.2,1.6,5.1,31.1,1.5,2.1,70.9,2.8,5.1,7.8,1.9,1.5,1.4,0.7,3.7,29.4,3,0,-1.8
Dirk Nowitzki,DAL,41,51,17,34,795,18.8,6.8,18.9,35.9,3.2,10.3,31.2,2,2.5,78,0.3,7.7,7.9,1.8,0.9,0.5,0.9,3.8,34.1,1,0,-3.3
Devin Harris,DAL,36,68,28,40,1071,16,4.9,13,38,2.3,7.5,31,3.8,5,76.1,0.4,3.7,4.2,4.6,2.1,1.3,0.6,5,31.5,0,0,-3.5
Daryl Macon,DAL,23,8,4,4,90,12.9,4.5,12,37,2.2,4.9,45.5,1.8,3.1,57.1,0.9,4.5,5.3,3.1,2.7,0.4,0,3.6,22.7,0,0,-2.7
Courtney Lee,DAL,33,34,6,28,428,12.7,5,12,41.1,1.5,5.1,29.1,1.3,2,66.7,0.8,4.2,5,3.5,1.3,2,0.3,3,29.4,0,0,-5.2
Will Barton,DEN,28,43,27,16,1189,16.6,6.2,15.5,40.2,2.3,6.6,34.2,1.9,2.5,77,1.1,5.6,6.7,4.2,2.2,0.6,0.7,2.8,32.8,1,0,0.2
Tyler Lydon,DEN,23,25,20,5,94,9.8,3.8,7.7,50,1.7,4.3,40,0.4,1.3,33.3,3,4.7,7.7,2.6,1.7,0.9,0,4.3,23.8,0,0,-4.7
Trey Lyles,DEN,23,64,42,22,1120,19.5,7.4,17.7,41.8,1.8,7.1,25.5,2.9,4.1,69.8,1.6,7.2,8.8,3.1,2.4,1.1,0.8,3.3,38,0,0,0.1
Torrey Craig,DEN,28,75,50,25,1503,11.4,4.3,9.6,44.2,1.6,5,32.4,1.3,1.9,70,2.4,4.6,7,1.9,1.2,1,1.2,4.7,28.2,2,0,1.9
Thomas Welsh,DEN,23,11,8,3,36,19.8,7.7,14.3,53.8,3.3,7.7,42.9,1.1,2.2,50,0,4.4,4.4,5.5,1.1,0,0,3.3,32.3,0,0,2.2
Paul Millsap,DEN,34,70,49,21,1895,18.6,6.8,14,48.4,1.2,3.4,36.5,3.8,5.3,72.7,3.2,7.4,10.7,3,2,1.8,1.1,3.9,42.6,14,0,7.2
Nikola Jokic,DEN,24,80,53,27,2504,25.6,9.8,19.3,51.1,1.3,4.3,30.7,4.6,5.6,82.1,3.6,10.2,13.8,9.3,4,1.7,0.9,3.6,60,56,12,5
Nick Young,DEN,34,4,3,1,37,9.7,3.2,9.7,33.3,3.2,8.6,37.5,0,0,0,0,1.1,1.1,2.2,2.2,0,1.1,4.3,15.3,0,0,-5.4
Monte Morris,DEN,24,82,54,28,1970,17.3,7,14.3,49.3,1.9,4.6,41.4,1.3,1.6,80.2,0.7,3.2,3.9,6,1.1,1.5,0.1,2.1,34.7,1,0,3.6
Mason Plumlee,DEN,29,82,54,28,1731,14.7,6.1,10.2,59.3,0,0.2,20,2.6,4.6,56.1,3.8,8.3,12.1,5.6,2.9,1.5,1.8,5.8,44.6,9,0,1.7
Malik Beasley,DEN,22,81,53,28,1879,19.5,7.4,15.7,47.4,3.5,8.6,40.2,1.2,1.4,84.8,0.7,3.5,4.3,2.1,1.2,1.2,0.2,2.5,30.7,0,0,2.9
Juancho Hernangomez,DEN,23,70,44,26,1358,12,4.1,9.2,43.9,1.9,5.3,36.5,1.9,2.5,76.7,1.9,5.9,7.8,1.6,1.1,0.8,0.7,2.8,27.2,4,0,1.1
Jarred Vanderbilt,DEN,20,17,10,7,69,13.9,5.2,11,47.4,0,0.6,0,3.5,5.8,60,4,9.3,13.3,1.7,4.6,3.5,0.6,4.6,39.9,0,0,5.8
Jamal Murray,DEN,22,75,49,26,2447,22.3,8.4,19.2,43.7,2.5,6.8,36.7,3.1,3.6,84.8,1.1,4.1,5.2,5.9,2.6,1.1,0.4,2.5,39.5,4,0,4
Isaiah Thomas,DEN,30,12,6,6,181,21.5,7.5,21.9,34.3,2.7,9.5,27.9,3.8,6,63,1.1,1.8,2.9,5.1,4,1.1,0.2,3.8,32.5,0,0,-4.9
Gary Harris,DEN,24,57,38,19,1639,18,6.6,15.5,42.4,2,5.9,33.9,2.8,3.5,79.9,1,2.9,3.9,3.1,1.7,1.3,0.5,2.8,31.1,0,0,5.5
DeVaughn Akoon-Purcell,DEN,26,7,7,0,22,12.9,5.5,18.5,30,0,7.4,0,1.8,3.7,50,1.8,5.5,7.4,11.1,3.7,3.7,0,7.4,45.8,0,0,1.8
Brandon Goodwin,DEN,23,16,10,6,57,16.1,4.2,16.1,26.1,1.4,4.2,33.3,6.3,7.7,81.8,0.7,1.4,2.1,9.8,2.1,0,0,4.9,31.3,0,0,8.4
Zaza Pachulia,DET,35,68,35,33,878,12.2,3.9,8.8,44,0,0.2,0,4.4,5.6,78.2,4.5,7.6,12.1,4.1,2.6,1.4,0.8,6.9,36.8,0,0,-4.4
Zach Lofton,DET,26,1,1,0,4,0,0,10.7,0,0,10.7,0,0,0,0,0,0,0,0,10.7,10.7,0,0,21.3,0,0,0
Wayne Ellington,DET,31,53,26,27,1297,16.8,5.7,14.1,40.3,4.3,11.5,37.1,1.2,1.5,79.6,0.4,2.9,3.3,2.2,1.2,1.7,0.2,2.8,28.4,0,0,-0.4
Thon Maker,DET,22,64,44,20,972,13.3,4.5,11,40.7,2,6.3,32,2.3,3.5,66.7,1.7,6.6,8.3,1.9,1.4,0.9,2.1,4.3,33.6,0,0,-0.2
Svi Mykhailiuk,DET,22,42,19,23,440,12.1,4.2,12.7,32.9,2.6,8.1,32.6,1.1,1.8,60,0.8,2.5,3.3,3.4,1.9,1.3,0.1,2.3,23.2,0,0,-0.6
Reggie Jackson,DET,29,82,41,41,2289,22,7.7,18.3,42.1,3,8.2,36.9,3.6,4.1,86.4,0.8,3,3.8,6,2.6,1,0.2,3.6,36.3,0,0,0.8
Luke Kennard,DET,23,63,30,33,1437,17.1,6.3,14.5,43.8,3,7.5,39.4,1.4,1.7,83.6,0.3,4.8,5.1,3.2,1.6,0.7,0.3,2.6,29.4,0,0,1.4
Langston Galloway,DET,27,80,41,39,1745,15.4,5.2,13.5,38.8,3.1,8.7,35.5,1.9,2.2,84.4,1.1,2.8,3.9,1.9,0.6,0.8,0.2,3.1,25.6,0,0,0.8
Khyri Thomas,DET,23,26,13,13,195,12.5,4.5,14.1,31.9,2,7.2,28.6,1.4,2.3,63.6,0.8,3.3,4.1,1.6,0.8,1.4,1,4.5,26.4,0,0,-7
Kalin Lucas,DET,30,1,0,1,6,14.3,0,7.2,0,0,7.2,0,14.3,14.3,100,0,21.5,21.5,7.2,0,0,0,7.2,50.9,0,0,-21.5
Jose Calderon,DET,37,49,22,27,632,7.2,2.8,7.6,37.5,0.9,3.6,24.6,0.6,0.7,81.8,0.7,3.1,3.8,7.3,2.2,1,0.2,4.1,24,0,0,-10.9
Jon Leuer,DET,30,41,16,25,402,15.5,6.6,11.2,58.4,0.1,1.1,9.1,2.3,3.1,74.2,2.7,7,9.6,1.4,2.3,1.2,0.4,6,31.7,0,0,-11.5
Ish Smith,DET,30,56,33,23,1251,16,6.6,15.6,41.9,1.4,4.3,32.6,1.5,2,75.8,0.7,3.9,4.6,6.5,2,0.9,0.4,3.5,33.1,0,0,2.7
Glenn Robinson III,DET,25,47,24,23,610,13,4.9,11.5,42,1.2,4.1,29,2.1,2.6,80,1.1,3.5,4.7,1.4,1.2,0.9,0.5,3,23.8,0,0,-0.7
Bruce Brown,DET,22,74,35,39,1449,8.8,3.4,8.7,39.8,0.7,2.6,25.8,1.2,1.7,75,1.3,3.8,5.1,2.5,1.3,1.1,1,4.9,23.7,0,0,-0.1
Blake Griffin,DET,30,75,39,36,2622,28.1,9.4,20.5,46.2,2.9,8,36.2,6.3,8.4,75.3,1.5,7.1,8.6,6.1,3.9,0.8,0.4,3,47.4,21,2,0.6
Andre Drummond,DET,25,79,40,39,2647,20.7,8.5,15.9,53.3,0.1,0.6,13.2,3.7,6.2,59,6.4,12.2,18.6,1.7,2.6,2.1,2.1,4.1,55.4,69,0,2.7
Stephen Curry,GSW,31,69,52,17,2331,32.3,10.8,23,47.2,6.1,13.9,43.7,4.5,4.9,91.6,0.8,5.6,6.3,6.2,3.3,1.6,0.4,2.8,51.9,3,0,11.8
Shaun Livingston,GSW,33,64,45,19,967,10.7,4.5,8.7,51.9,0,0.1,0,1.7,2.1,78.4,1.7,3.1,4.8,4.7,1.6,1.3,1.1,3.1,29.2,0,0,1.9
Quinn Cook,GSW,26,74,49,25,1059,19.2,7.7,16.6,46.5,3.1,7.6,40.5,0.8,1,76.9,0.8,5.1,5.9,4.4,1.9,0.8,0.1,3.5,33.6,0,0,-5
Marcus Derrickson,GSW,23,11,9,2,67,27.3,9.5,19.6,48.5,5.9,11.9,50,2.4,3,80,4.8,3,7.7,0.6,1.8,0,0.6,5.3,37.5,0,0,-5.9
Klay Thompson,GSW,29,78,55,23,2652,25.3,9.9,21.1,46.7,3.6,9,40.2,1.9,2.4,81.6,0.6,4,4.5,2.8,1.7,1.3,0.7,2.4,39.1,0,0,5.3
Kevon Looney,GSW,23,80,56,24,1481,13.5,5.9,9.4,62.5,0,0.3,10,1.8,2.8,61.9,5.2,6,11.3,3.3,1.4,1.2,1.4,5.7,38.6,1,0,8.3
Kevin Durant,GSW,30,78,54,24,2702,30,10.7,20.5,52.1,2,5.7,35.3,6.6,7.5,88.5,0.5,6.9,7.4,6.8,3.3,0.9,1.2,2.3,52,16,2,9.7
Jordan Bell,GSW,24,68,46,22,788,11.3,5,9.7,51.6,0,0.1,0,1.3,2.1,61,2.8,6.5,9.3,3.9,2.1,1,2.6,4.1,37,0,0,-5.1
Jonas Jerebko,GSW,32,73,52,21,1218,15.1,5.4,11.7,45.9,2.3,6.2,36.7,2.1,2.6,80,2.4,7.1,9.5,3.2,1.4,0.9,0.6,4.5,34.2,1,0,1.8
Jacob Evans,GSW,22,30,21,9,204,7.9,3.5,10.4,34,0.8,2.9,26.7,0,0.2,0,1.2,3.7,4.9,4.5,2.2,1,0.6,5.5,23.1,0,0,-6.9
Draymond Green,GSW,29,66,48,18,2065,9.4,3.6,8.2,44.5,0.9,3.2,28.5,1.2,1.8,69.2,1.2,8.2,9.3,8.8,3.3,1.8,1.4,3.8,40.1,8,0,9
DeMarcus Cousins,GSW,28,30,23,7,771,25.3,9.2,19.3,48,1.3,4.9,27.4,5.5,7.5,73.6,2.2,10.6,12.8,5.6,3.7,2.1,2.3,5.7,58.4,10,0,3.4
Damion Lee,GSW,26,32,18,14,375,16.8,6,13.5,44.1,2.9,7.2,39.7,2,2.3,86.4,0.9,6,6.8,1.4,1.2,1.4,0,3,30.1,0,0,-5.8
Damian Jones,GSW,24,24,15,9,410,12.7,5.2,7.2,71.6,0,0,0,2.3,3.6,64.9,3,4.3,7.3,2.7,1.6,1.2,2.4,6.2,34.9,0,0,1.6
Andrew Bogut,GSW,34,11,8,3,134,11.6,5.4,10.7,50,0,0,0,0.9,0.9,100,3.6,12.8,16.4,3.3,2.4,0.9,2.4,6.5,43.6,0,0,3
Andre Iguodala,GSW,35,68,47,21,1578,9.9,3.8,7.7,50,1.2,3.7,33.3,1,1.7,58.2,1.2,5.2,6.4,5.5,1.3,1.5,1.3,2.4,32.9,0,0,8
Alfonzo McKinnie,GSW,26,72,53,19,1003,13.4,5.3,11,48.7,1.7,4.7,35.6,1.1,1.9,56.3,3.2,6.6,9.8,1.2,1.2,0.7,0.6,5.3,29.9,1,0,0.4
Zhou Qi,HOU,23,1,0,1,1,83.8,41.9,41.9,100,0,0,0,0,0,0,0,0,0,0,0,0,0,0,83.8,0,0,-83.8
Vincent Edwards,HOU,23,2,1,1,16,7.6,2.5,10.2,25,2.5,10.2,25,0,0,0,2.5,2.5,5.1,0,0,0,0,0,13.7,0,0,-5.1
Trevon Duval,HOU,20,3,2,1,6,35.7,14.3,21.4,66.7,7.1,7.1,100,0,0,0,0,7.1,7.1,14.3,0,0,0,0,65.7,0,0,14.3
Terrence Jones,HOU,27,2,2,0,5,15.7,7.8,31.4,25,0,15.7,0,0,7.8,0,0,31.4,31.4,0,7.8,0,0,7.8,45.5,0,0,-94.1
PJ Tucker,HOU,34,82,53,29,2802,8.6,3,7.5,39.6,2.1,5.5,37.7,0.6,0.8,69.5,1.7,5.1,6.8,1.4,0.9,1.9,0.6,3.6,25.3,3,0,3.5
Nene,HOU,36,42,29,13,546,11.1,4.4,8.5,51.7,0,0.2,0,2.3,3.4,66,2.5,6.5,9,1.9,0.8,1.3,1.1,6.4,31.2,0,0,7.4
Kenneth Faried,HOU,29,37,21,16,728,21.1,8.6,14.6,58.9,0.4,1.4,32,3.5,5.4,64.6,5.3,8.4,13.7,1.1,1.8,0.9,1.3,4.5,44,14,0,3.4
James Nunnally,HOU,28,15,8,7,101,14.2,4.7,13.4,35.3,3.2,9.9,32,1.6,1.6,100,0,2,2,2.8,0.4,0.4,0,3.9,21.5,0,0,-9.5
James Harden,HOU,29,78,51,27,2867,39.3,11.8,26.6,44.2,5.3,14.3,36.8,10.5,12,87.9,0.9,6.3,7.2,8.2,5.4,2.2,0.8,3.4,63.9,34,7,5
Isaiah Hartenstein,HOU,21,28,15,13,221,9.6,3.6,7.4,48.8,0.4,1.1,33.3,2,2.5,78.6,3.8,4.7,8.5,2.7,2.4,1.3,2.2,10.1,31.8,0,0,7.1
Iman Shumpert,HOU,29,62,39,23,1481,12.6,4.5,12,37.4,2.6,7.4,34.8,1,1.2,80,0.7,4.2,4.9,3,1.4,1.6,0.6,3.4,28.4,0,0,-1.2
Gerald Green,HOU,33,73,47,26,1473,18.3,6.3,15.7,40,4.2,12,35.4,1.5,1.8,83.8,0.8,4.1,4.9,1.1,1.5,0.9,0.7,3.4,29.3,0,0,3.6
Gary Clark,HOU,24,51,33,18,641,9.2,3.1,9.4,33.1,2.6,8.6,29.7,0.4,0.4,100,1.5,5.7,7.2,1.1,0.4,1.2,1.6,2.9,27.8,0,0,1.6
Eric Gordon,HOU,30,68,44,24,2158,20.4,7.1,17.4,40.9,4,11.1,36,2.2,2.8,78.3,0.3,2.4,2.7,2.4,1.7,0.8,0.5,2.7,29.4,0,0,6.5
Danuel House Jr.,HOU,26,39,27,12,979,15,4.8,10.3,46.8,3,7.3,41.6,2.3,2.9,78.9,1,4.7,5.7,1.6,1.4,0.9,0.4,3.3,26.8,0,0,6.9
Clint Capela,HOU,25,67,44,23,2249,19.8,8.4,13,64.8,0,0,0,3,4.6,63.6,5.3,9.8,15.1,1.7,1.7,0.8,1.8,3,46.6,45,0,4.1
Chris Paul,HOU,34,58,39,19,1857,19.5,6.5,15.5,41.9,2.7,7.6,35.8,3.8,4.4,86.2,0.8,4.9,5.7,10.2,3.3,2.5,0.4,3.1,46.9,18,1,6.5
Chris Chiozza,HOU,23,7,6,1,33,7.4,2.5,9.8,25,2.5,6.1,40,0,0,0,1.2,3.7,4.9,4.9,1.2,1.2,1.2,2.5,26.8,0,0,-14.8
Carmelo Anthony,HOU,35,10,4,6,294,18.2,6.7,16.5,40.5,2.9,8.7,32.8,2,3,68.2,1.2,6.1,7.3,0.7,1.1,0.5,1,4.4,31.5,0,0,-8.6
Austin Rivers,HOU,26,76,45,31,2028,12.2,4.6,11.3,40.6,2.1,6.5,31.8,1,1.9,52.6,0.5,2.7,3.2,3.3,1.3,0.9,0.5,4.1,23.8,0,0,2.1
Wesley Matthews,IND,32,69,27,42,2091,16.1,5.3,13.4,40,2.9,7.7,37.2,2.5,3.1,81,0.6,2.6,3.3,3.1,1.7,1,0.3,3.1,26.9,0,0,-1.7
Victor Oladipo,IND,27,36,25,11,1147,23.5,8.7,20.5,42.3,2.6,7.5,34.3,3.6,4.9,73,0.7,6.3,7,6.5,2.9,2.1,0.4,2.5,46.3,5,0,4.4
Tyreke Evans,IND,29,69,41,28,1402,20.1,7.3,18.8,38.9,2.2,6.2,35.6,3.3,4.6,71.9,0.9,4.8,5.7,4.7,3.4,1.7,0.5,3.3,37.3,1,0,1.8
Thaddeus Young,IND,31,81,47,34,2489,16.5,7.1,13.5,52.7,0.8,2.3,34.9,1.4,2.2,64.4,3.1,5.3,8.4,3.3,2,2,0.6,3.1,37.2,10,0,2.2
TJ Leaf,IND,22,58,35,23,522,17.3,7.6,14,54.1,0.6,2.4,25.8,1.5,2.4,61.3,3.3,6.3,9.6,1.8,0.9,0.7,1.5,2.7,37,1,0,3.4
Myles Turner,IND,23,74,43,31,2119,18.6,7.2,14.7,48.7,1.4,3.7,38.8,2.8,3.8,73.6,1.9,8.1,10,2.2,1.9,1.1,3.8,3.7,46.6,17,0,2.3
Kyle O'Quinn,IND,29,45,27,18,371,16.8,7.4,14.7,50.7,0.1,1.3,8.3,1.8,2.3,81,3.1,9.7,12.8,6,3.3,1,2.7,7.3,49,1,0,0.5
Ike Anigbogu,IND,20,3,2,1,6,0,0,19.5,0,0,0,0,0,0,0,6.5,13,19.5,6.5,6.5,0,6.5,0,46.2,0,0,-13
Edmond Sumner,IND,23,23,14,9,210,12.6,4.2,12.2,34.4,1.3,5.1,25.9,2.9,4.6,62.5,1.7,2.9,4.6,1.9,1.9,2.3,1,5,28.7,0,0,-6.3
Doug McDermott,IND,27,77,43,34,1340,16.8,6.2,12.6,49.1,2.5,6.2,40.8,2,2.4,83.5,0.5,2.7,3.3,2,1.3,0.5,0.2,3.1,24.8,0,0,3.9
Domantas Sabonis,IND,23,74,43,31,1838,22.7,9,15.2,59,0.2,0.4,52.9,4.5,6.3,71.5,4,11,15,4.6,3.5,1,0.7,5.2,49.2,30,0,4.2
Davon Reed,IND,24,10,4,6,47,10.2,4.3,10.2,41.7,1.7,3.4,50,0,0,0,1.7,3.4,5.1,2.6,0.9,0.9,0,2.6,21.9,0,0,16.2
Darren Collison,IND,31,76,45,31,2143,15.9,5.7,12.3,46.7,1.5,3.6,40.7,2.9,3.5,83.2,0.7,3.7,4.3,8.6,2.3,2.1,0.2,2.6,38.3,6,0,2.2
Cory Joseph,IND,27,82,48,34,2063,10.4,4.4,10.6,41.2,1.1,3.3,32.2,0.6,0.8,69.8,0.8,4.7,5.4,6.2,1.6,1.8,0.4,2.5,31.4,1,0,4.1
Bojan Bogdanovic,IND,30,81,47,34,2573,22.6,8.1,16.3,49.7,2.5,6,42.5,3.8,4.7,80.7,0.5,4.7,5.2,2.5,2.1,1.1,0,2.1,33.8,0,0,2.8
Alize Johnson,IND,23,14,9,5,64,8.1,2.5,9.9,25,0.6,1.2,50,2.5,5,50,2.5,9.3,11.8,0.6,0,0.6,1.9,4.3,30.6,0,0,0.6
Aaron Holiday,IND,22,50,31,19,646,18.2,6.5,16.2,40.1,2.7,7.9,33.9,2.5,3.1,82,0.3,3.8,4.1,5.4,2.5,1.3,0.8,4.4,35.1,0,0,6.3
Wilson Chandler,LAC,32,51,35,16,1176,10.4,3.9,9.3,41.8,2,5.4,37.3,0.6,0.9,72,1.6,5.7,7.3,2.8,1.6,0.9,0.7,4.2,26.5,0,0,3.6
Tyrone Wallace,LAC,25,62,34,28,628,13.9,5.9,13.8,42.4,0.3,1.2,21.1,1.9,3.6,52.6,1.3,5.2,6.4,2.7,2.3,1.3,0.4,5.3,28.7,0,0,3.6
Sindarius Thornwell,LAC,24,64,37,27,313,7.9,2.2,6.3,34.7,0.4,1.9,20,3.2,4.3,73.5,0.6,5,5.6,2.3,2.6,1.8,0.9,5.2,23.6,0,0,-4.8
Shai Gilgeous-Alexander,LAC,20,82,48,34,2174,16.4,6.3,13.2,47.6,0.9,2.6,36.7,2.9,3.6,80,1,3.2,4.3,5,2.6,1.8,0.8,3.2,34.1,1,0,-2
Rodney McGruder,LAC,27,66,31,35,1550,13,4.8,11.9,40.3,2,5.8,35.1,1.3,1.9,72.2,1.5,4.6,6.1,2.9,1.7,0.9,0.3,3,26.8,2,0,-1
Patrick Beverley,LAC,30,78,48,30,2137,11.2,3.6,8.9,40.7,2.1,5.3,39.7,1.8,2.3,78,1.4,5.8,7.3,5.6,1.6,1.3,0.8,5,32.9,6,0,2.8
Montrezl Harrell,LAC,25,82,48,34,2158,25.2,10.1,16.5,61.5,0.1,0.3,17.6,4.9,7.7,64.3,3.4,6.5,9.9,3,2.4,1.3,2,4.7,49.2,17,0,1.1
Milos Teodosic,LAC,32,15,8,7,150,12.8,4.5,10.7,42.5,2.7,7.2,37,1.1,1.9,57.1,0.8,3.5,4.3,8.5,5.6,0.8,0.3,7.2,28.3,0,0,6.9
Marcin Gortat,LAC,35,47,25,22,750,12.4,5.3,9.9,53.2,0,0,0,1.9,2.6,72.9,3.6,10.3,13.9,3.5,2.7,0.3,1.3,4.9,36.4,1,0,-5.2
Luc Mbah a Moute,LAC,32,4,2,2,61,13.1,5.2,11.8,44.4,1.3,3.9,33.3,1.3,3.3,40,1.3,3.3,4.6,1.3,1.3,0.7,0.7,5.2,23.2,0,0,7.2
Lou Williams,LAC,32,75,47,28,1993,30.1,9.7,22.8,42.5,2.1,5.8,36.1,8.5,9.7,87.6,0.8,3.7,4.5,8.1,3.6,1.1,0.2,1.6,48,7,1,3.9
Landry Shamet,LAC,22,79,51,28,1802,16,5.3,12.4,43.1,3.7,8.8,42.2,1.7,2.1,80.6,0.5,2.5,3,2.6,1,0.8,0.2,3.4,25.6,0,0,1.4
Johnathan Motley,LAC,24,22,12,10,156,26.2,10,18.7,53.4,0,0.8,0,6.2,10.3,60,4.6,8.5,13.1,2.8,4.1,1.3,0.8,6.9,48.1,0,0,-8.7
Jerome Robinson,LAC,22,33,18,15,321,14,5.5,13.7,40,2.2,7.1,31.6,0.7,1.1,66.7,0.4,4.7,5.1,2.4,1.6,1.4,0.4,5.7,27.3,0,0,-2.9
JaMychal Green,LAC,29,65,31,34,1371,17.8,6.7,13.9,48.3,2.1,5.1,40.3,2.3,2.9,79.2,3,8.9,11.9,1.5,2.5,1.3,1,5.6,38.7,6,0,-6.2
Ivica Zubac,LAC,22,59,32,27,1039,20.2,8.2,14.6,55.9,0,0,0,3.9,4.8,80.2,4.4,9.5,13.9,2.4,2.7,0.5,2,5.3,45.4,8,0,1.6
Garrett Temple,LAC,33,75,37,38,2041,11.5,4.1,9.7,42.2,1.8,5.2,34.1,1.6,2.1,74.8,0.5,3.7,4.2,2.1,1.4,1.5,0.6,4,24.5,0,0,-1.6
Danilo Gallinari,LAC,30,68,40,28,2059,26.1,7.9,17.2,46.3,3.1,7.2,43.3,7.1,7.9,90.4,1,7.1,8.1,3.5,1.9,1,0.4,2.5,43.3,7,0,2
Angel Delgado,LAC,24,2,0,2,15,8.1,2.7,13.5,20,0,0,0,2.7,5.4,50,5.4,5.4,10.8,0,0,2.7,0,5.4,29.3,0,0,8.1
Tyson Chandler,LAL,36,55,26,29,875,7.9,2.8,4.5,61.6,0,0,0,2.3,4,58.6,4.2,9.8,14,1.7,1.9,1,1.1,5,31.4,3,0,-1.6
Scott Machado,LAL,29,4,3,1,19,20.9,8.3,12.5,66.7,2.1,2.1,100,2.1,2.1,100,0,0,0,6.3,0,2.1,0,4.2,36.5,0,0,0
Reggie Bullock,LAL,28,63,27,36,1879,15.1,5.2,12.6,41.2,3.2,8.4,37.7,1.6,1.8,85.9,0.5,3.2,3.7,2.7,1.4,0.9,0.3,2.3,25.6,0,0,-1
Rajon Rondo,LAL,33,46,19,27,1369,12.4,5.1,12.6,40.5,1.5,4.2,35.9,0.7,1.1,63.9,1,6.1,7.1,10.7,3.7,1.7,0.2,2.9,38.9,14,1,-7.2
Moritz Wagner,LAL,22,43,15,28,446,18.6,6.4,15.3,41.5,2,6.9,28.6,3.9,4.8,81.1,1.5,6.1,7.6,2.2,3.5,1,1.2,5.1,33.9,0,0,-8.7
Mike Muscala,LAL,27,64,35,29,1306,13.8,4.4,11.1,40.2,2.7,7.8,34.8,2.1,2.6,82.4,1.7,5.7,7.5,2.3,1.5,0.7,1.2,4,30.3,1,0,1
Michael Beasley,LAL,30,26,11,15,277,26.1,10.8,22.1,49,0.4,2.5,17.6,4,5.6,71.8,1.9,6.8,8.6,3.6,3.9,1.3,1.4,6.1,46.2,0,0,-5.6
Lonzo Ball,LAL,21,47,25,22,1423,13.1,5.2,12.8,40.6,2.1,6.4,32.9,0.6,1.3,41.7,1.5,5.5,7.1,7.2,2.9,1.9,0.5,3.2,36.8,4,1,-0.4
LeBron James,LAL,34,55,28,27,1937,31.1,11.5,22.6,51,2.3,6.8,33.9,5.7,8.6,66.5,1.2,8.4,9.6,9.4,4.1,1.5,0.7,1.9,59.1,32,8,2.4
Lance Stephenson,LAL,28,68,33,35,1123,17.5,6.6,15.4,42.6,2.6,7,37.1,1.8,2.6,68.5,1.1,6.5,7.7,5,3.1,1.5,0.2,4,36.2,1,0,-3.9
Kyle Kuzma,LAL,23,70,33,37,2314,22.6,8.6,18.8,45.6,2.2,7.3,30.3,3.3,4.3,75.2,1,5.6,6.6,3.1,2.3,0.7,0.4,2.9,36.3,4,0,-1
Kentavious Caldwell-Pope,LAL,26,82,37,45,2035,18.4,6.4,14.9,43,3,8.5,34.7,2.7,3.1,86.7,0.9,3.7,4.7,2.2,1.3,1.4,0.3,2.7,31.1,0,0,-3.1
Josh Hart,LAL,24,67,31,36,1715,12.2,4.4,10.8,40.7,2.1,6.4,33.6,1.3,1.9,68.8,0.8,5,5.8,2.2,1.4,1.5,0.9,3.4,28.4,4,0,0
Johnathan Williams,LAL,24,24,10,14,372,16.9,7,11.8,59.1,0,0.2,0,2.9,5.2,56.3,5.2,5.5,10.7,1.4,1.7,0.9,0.8,6.7,34.9,3,0,5.9
Jemerrio Jones,LAL,24,6,3,3,143,7.5,3.4,9.2,36.4,0.6,2.8,20,0.3,0.6,50,4.5,9.2,13.7,3.6,1.4,2,1.4,2.8,38.1,1,0,7.8
JaVale McGee,LAL,31,75,35,40,1671,21.5,9.6,15.3,62.4,0,0.3,8.3,2.3,3.6,63.2,4.7,8.9,13.6,1.2,2.6,1.1,3.5,5,51,14,0,-3.8
Isaac Bonga,LAL,19,22,7,15,120,6.3,1.7,11,15.2,0,2.7,0,3,5,60,3,5.3,8.3,5,2,3,1.3,3,34.8,0,0,4.3
Brandon Ingram,LAL,21,52,25,27,1760,21.6,8.2,16.6,49.7,0.7,2.1,33,4.4,6.6,67.5,0.9,5.1,6.1,3.5,2.9,0.6,0.7,3.4,35.2,2,0,-1.3
Andre Ingram,LAL,33,4,1,3,15,0,0,16.4,0,0,8.2,0,0,0,0,2.7,2.7,5.5,0,2.7,2.7,0,0,12,0,0,13.7
Alex Caruso,LAL,25,25,8,17,531,17.2,5.8,13,44.5,1.8,3.8,48,3.8,4.8,79.7,1.5,3.5,5,5.8,3.2,1.8,0.7,4.1,36.3,3,0,3.5
Yuta Watanabe,MEM,24,15,5,10,174,8.9,3.4,11.7,29.4,0.5,3.7,12.5,1.6,2.3,70,0.9,6.2,7.1,1.8,1.4,0.9,0.2,2.5,22.3,0,0,4.6
Tyler Zeller,MEM,29,6,3,3,93,19.8,6.9,12.9,53.3,0,0.4,0,6,7.8,77.8,4.7,5.6,10.3,1.7,1.7,0.4,1.3,8.6,38.3,0,0,5.2
Tyler Dorsey,MEM,23,48,11,37,698,17,6.1,15.1,40.5,2.5,7.6,33.3,2.2,3.5,62.3,1.5,4.9,6.5,3.2,1.5,0.8,0.1,3,30.8,0,0,-2
Omri Casspi,MEM,31,36,14,22,520,17.4,6.6,12.4,53.4,1.2,3.3,34.9,3,4.5,67.2,1.3,7.5,8.8,2,1.8,1.5,0.7,2.7,35.9,0,0,1.5
Mike Conley,MEM,31,70,30,40,2342,25.2,8.4,19.1,43.8,2.6,7.3,36.4,5.9,6.9,84.5,0.7,3.4,4.1,7.7,2.2,1.6,0.4,2.1,45.4,10,0,0.4
MarShon Brooks,MEM,30,29,15,14,387,19.7,7.9,17.5,45,1.6,5.6,27.8,2.4,3.4,69.7,1.2,3.4,4.7,2.6,2.2,0.9,0.4,3.4,31,0,0,-2.4
Kyle Anderson,MEM,25,43,19,24,1282,10.8,4.7,8.6,54.3,0.3,1.1,26.5,1.2,2,57.8,1.5,6.3,7.8,4,1.8,1.7,1.2,3.5,32.9,2,1,-1.8
Justin Holiday,MEM,30,82,25,57,2607,13.2,4.6,11.9,38.6,2.5,7.1,34.8,1.5,1.6,89.6,0.7,4.3,5,2.2,1.6,1.9,0.6,2.5,28.1,3,0,-6.9
Julian Washburn,MEM,27,18,7,11,254,6.3,2.5,7.6,33.3,0.8,3.8,20.8,0.5,0.6,75,1.3,5.2,6.5,2.2,1.1,2,0.3,2.5,23.3,0,0,-3.5
Jonas Valanciunas,MEM,27,49,31,18,1091,28,11,19.7,55.9,0.5,1.8,29.2,5.4,6.8,79.5,3.9,11.5,15.4,2.6,3.3,0.7,1.9,5.4,54.9,16,0,2.6
Joakim Noah,MEM,34,42,14,28,692,17.2,6.4,12.3,51.6,0,0.1,0,4.5,6.3,71.6,3.4,10.4,13.7,5.1,2.9,1.2,1.8,5.5,47.4,4,0,0.2
Jevon Carter,MEM,23,39,9,30,577,11.9,3.9,12.8,30.3,2.4,7.1,33.3,1.8,2.2,81.3,1,3.6,4.6,4.8,2.3,1.8,0.8,3.8,30,0,0,-6.2
Jaren Jackson Jr.,MEM,19,58,23,35,1515,21.1,7.9,15.6,50.6,1.3,3.7,35.9,4,5.2,76.6,1.9,5.3,7.2,1.7,2.6,1.4,2.2,5.8,40.3,2,0,-2.7
Ivan Rabb,MEM,22,49,20,29,721,15.8,6.4,11.8,54.7,0.2,0.8,20,2.7,3.8,71,3.9,7.5,11.4,3,1.9,0.9,0.8,5,37.2,4,0,-5.2
Dusty Hannahs,MEM,25,2,0,2,26,12.3,4.6,18.5,25,0,7.7,0,3.1,3.1,100,0,1.5,1.5,7.7,1.5,1.5,0,1.5,28.9,0,0,-15.4
Dillon Brooks,MEM,23,18,9,9,330,16.4,5.9,14.8,40.2,1.8,4.9,37.5,2.7,3.6,73.3,1.1,2.7,3.8,1.9,2.3,1.2,0.5,6.1,26.6,0,0,-1.9
Delon Wright,MEM,27,75,45,30,1698,15.4,5.7,13.1,43.4,1.2,4,29.8,2.8,3.5,79.3,1.6,4.7,6.3,5.8,1.8,2.1,0.7,2.4,38.2,4,3,0.1
DJ Stephens,MEM,28,1,0,1,7,11.9,5.9,11.9,50,0,0,0,0,0,0,0,0,0,0,5.9,5.9,0,0,23.8,0,0,-17.8
Chandler Parsons,MEM,30,25,11,14,496,15.1,5.5,14.7,37.4,2.3,7.6,30.9,1.8,2,88,0.3,5.3,5.6,3.5,2.6,1.5,0.4,3.6,30.3,0,0,-3.7
CJ Miles,MEM,32,53,33,20,857,15.8,5.2,14.5,36,3.1,9.5,33,2.2,2.7,82.8,0.6,3.8,4.4,1.7,1.4,1.2,0.7,3.7,28,0,0,-0.7
Bruno Caboclo,MEM,23,34,14,20,800,14.1,4.8,11.3,42.7,2.4,6.5,36.9,2.1,2.5,84,2.1,5.8,7.9,2.5,1.9,0.7,1.7,4.1,32.5,3,0,0
Avery Bradley,MEM,28,63,31,32,1905,13.1,5.2,12.8,40.8,1.8,5.1,35.1,0.9,1,86,0.9,2.8,3.7,3.2,1.9,0.9,0.3,3.5,24,0,0,-1.7
Yante Maten,MIA,22,2,1,1,13,6.1,3.1,12.3,25,0,3.1,0,0,0,0,3.1,6.1,9.2,0,0,3.1,0,0,26.4,0,0,12.3
Udonis Haslem,MIA,39,10,8,2,75,13.4,5.9,17.7,33.3,0,6.4,0,1.6,2.1,75,1.6,12.9,14.5,1.1,1.6,0,0,4.8,30.8,1,0,-17.2
Ryan Anderson,MIA,31,25,7,18,321,7.8,2.6,8.6,30.4,1.1,5,22.5,1.5,2,75,2.2,4.5,6.7,2.4,1.7,0.5,0.1,3.1,19.6,0,0,-9.1
Kelly Olynyk,MIA,28,79,39,40,1812,17.4,5.8,12.4,46.3,2.5,7,35.4,3.4,4.1,82.2,1.6,6.7,8.3,3.1,2.5,1.2,0.8,4,35.4,4,0,2.3
Justise Winslow,MIA,23,66,30,36,1960,16.9,6.6,15.3,43.3,2,5.2,37.5,1.8,2.8,62.8,1.3,6,7.2,5.8,2.9,1.5,0.4,3.6,36.9,6,0,2.4
Josh Richardson,MIA,25,73,35,38,2539,19,6.7,16.2,41.2,2.6,7.2,35.7,3.1,3.6,86.1,0.9,3.3,4.1,4.7,1.8,1.2,0.5,3.2,34.6,1,0,1.1
James Johnson,MIA,32,55,27,28,1164,14.7,5.6,13,43.3,1.7,5.1,33.6,1.7,2.4,71.4,0.8,5.3,6,4.6,2.5,1.2,0.9,3.9,32.8,0,0,-3.6
Hassan Whiteside,MIA,30,72,33,39,1674,21.2,9.3,16.2,57.1,0,0.4,12.5,2.6,5.8,44.9,6.1,13.4,19.5,1.3,2.3,1.1,3.2,4.6,57.3,36,0,0.5
Goran Dragic,MIA,33,36,16,20,991,19.9,7.2,17.5,41.3,2.3,6.6,34.8,3.2,4.1,78.2,0.8,3.7,4.5,7,2.9,1.2,0.2,3.3,37.2,4,1,1.7
Emanuel Terry,MIA,22,3,0,3,23,17.6,7,12.3,57.1,0,0,0,3.5,7,50,5.3,7,12.3,3.5,3.5,5.3,0,7,50,0,0,7
Dwyane Wade,MIA,37,72,35,37,1885,23,8.8,20.4,43.3,1.8,5.5,33,3.5,4.9,70.8,1.5,4.6,6,6.4,3.5,1.3,0.8,2.5,42.5,4,1,-1.4
Duncan Robinson,MIA,25,15,7,8,161,12.4,4.5,11.4,39.1,2.5,8.7,28.6,1,1.5,66.7,0.5,4.2,4.7,1.2,1,1.2,0,2.7,22.7,0,0,-8.2
Dion Waiters,MIA,27,44,20,24,1138,18.5,7,16.8,41.4,3.8,10.2,37.7,0.8,1.5,50,0.2,3.8,4.1,4.3,2.2,1,0.3,2.5,31.6,0,0,-1.3
Derrick Jones Jr.,MIA,22,60,31,29,1154,14.6,5.5,11.2,49.4,1,3.2,30.8,2.6,4.2,60.7,3.3,5,8.3,1.3,1.5,1.6,1.5,4.3,34.2,0,0,-0.8
Bam Adebayo,MIA,21,82,39,43,1913,15.2,5.9,10.2,57.6,0.1,0.3,20,3.5,4.7,73.5,3.5,9,12.5,3.8,2.5,1.5,1.4,4.2,42,11,0,0.4
Tony Snell,MIL,27,74,55,19,1304,13.6,5,11.1,45.2,2.5,6.3,39.7,1.1,1.3,88.1,0.9,3.9,4.8,2.1,0.7,0.8,0.6,2.8,25.9,0,0,5.3
Tim Frazier,MIL,28,59,27,32,1120,11.1,4.1,9.3,44.4,1.3,3.6,36.6,1.5,1.9,75.9,1.5,4.5,6,8.9,2.7,1.1,0.2,4,32.6,4,0,-2.4
Sterling Brown,MIL,24,58,45,13,1034,14.4,5.6,12.1,46.5,2,5.7,36.1,1.1,1.6,69,1.1,6,7.1,3.2,1.8,1,0.3,3.4,29.8,0,0,0
Pau Gasol,MIL,38,30,17,13,361,13.1,4.7,10.4,44.7,0.7,1.4,46.2,3.1,4.4,70,2.4,12.8,15.2,5.8,1.8,0.6,1.7,3.2,44.9,1,0,-3.7
Pat Connaughton,MIL,26,61,43,18,1261,13.4,5.2,11.1,46.6,2.1,6.3,33,0.9,1.3,72.5,1.9,6.2,8.2,3.9,1,1,0.8,2.6,33.4,1,0,3.7
Nikola Mirotic,MIL,28,46,24,22,1245,22.4,7.6,17.4,43.9,3.7,10.2,36.5,3.4,4,84.7,1.9,9,10.9,1.8,1.5,1,1.1,3.4,42.8,11,0,3.8
Malcolm Brogdon,MIL,26,64,49,15,1832,21.9,8.3,16.3,50.5,2.3,5.3,42.6,3.1,3.3,92.8,1.4,4.9,6.3,4.5,2,1,0.3,2.2,38,0,0,9.3
Khris Middleton,MIL,27,77,56,21,2393,23.5,8.5,19.2,44.1,3,7.9,37.8,3.6,4.3,83.7,0.8,6.9,7.7,5.5,2.9,1.3,0.1,2.9,42.5,7,0,9.2
Jaylen Morris,MIL,23,4,4,0,29,14,5.6,14,40,1.4,4.2,33.3,1.4,2.8,50,0,7,7,5.6,1.4,2.8,0,1.4,37.9,0,0,16.8
Isaiah Canaan,MIL,28,30,10,20,628,11.5,4.1,10.4,39,2.2,6.1,35.4,1.2,1.5,79.2,0.4,3.3,3.7,5.4,2.2,0.9,0.1,3.3,24.8,0,0,-11.1
Giannis Antetokounmpo,MIL,24,72,56,16,2358,33.8,12.2,21.2,57.8,0.9,3.4,25.6,8.5,11.6,72.9,2.7,12.5,15.2,7.2,4.5,1.6,1.9,3.9,68.6,54,5,11.1
George Hill,MIL,33,60,39,21,1302,14.1,5.2,11.5,45.2,1.5,4.7,31.4,2.2,2.6,82.4,1.2,3.3,4.5,4.1,1.6,1.6,0.2,3.1,29.7,0,0,4.4
Ersan Ilyasova,MIL,32,67,49,18,1231,14.7,5.4,12.4,43.8,1.9,5.2,36.3,2,2.4,82.4,3.1,6.8,9.8,1.7,1.6,1,0.6,5.6,32.5,3,0,7.8
Eric Bledsoe,MIL,29,78,59,19,2272,21.9,8.3,17.1,48.4,2.2,6.6,32.9,3.1,4.2,75,1.4,4.9,6.4,7.6,2.9,2,0.5,2.7,45.6,8,1,9.9
Donte DiVincenzo,MIL,22,27,20,7,411,12.7,4.9,12.1,40.3,2.1,8.1,26.5,0.9,1.2,75,1.6,4.8,6.3,3,1.8,1.3,0.6,3.7,28.5,0,0,10.4
D.J. Wilson,MIL,23,48,37,11,882,12.7,4.7,11.4,41.4,2.1,5.8,36.2,1.2,2.1,55.3,2,8,10.1,2.4,1.5,0.8,0.9,3.9,32,2,0,3.7
Brook Lopez,MIL,31,81,60,21,2322,17.4,6.1,13.5,45.2,3.2,8.8,36.5,1.9,2.3,84.2,0.6,6.3,6.8,1.7,1.4,0.9,3.1,3.3,38.6,2,0,10.1
Bonzie Colson,MIL,23,8,6,2,98,15.8,5.3,15.8,33.3,2,8.5,23.8,3.2,3.7,88.9,3.2,8.9,12.2,1.2,1.2,2,0.4,1.2,38.4,2,0,-8.9
Tyus Jones,MIN,23,68,29,39,1560,12,4.7,11.4,41.5,1,3.2,31.7,1.5,1.8,84.1,0.6,2.8,3.4,8.4,1.2,2.1,0.1,2,34.1,5,0,-0.1
Taj Gibson,MIN,34,70,32,38,1686,17.9,7.2,12.7,56.6,0.3,0.8,32.4,3.2,4.2,75.7,4.1,6.8,10.9,2,1.7,1.3,0.9,4.4,38.7,13,0,-1.9
Robert Covington,MIN,28,35,20,15,1203,15.5,5.2,12,43.1,2.8,7.5,37.8,2.3,3,76.4,0.9,5.5,6.4,1.5,1.6,2.5,1.6,4.2,36,2,0,2.1
Mitchell Creek,MIN,27,5,1,4,47,17.8,6.8,13.6,50,0,1.7,0,4.2,5.9,71.4,5.1,5.1,10.2,5.1,0.8,1.7,0,2.5,41.9,0,0,5.9
Luol Deng,MIN,34,22,11,11,392,16,6,12,50,1.4,4.5,31.8,2.5,3.6,71.4,2,5.4,7.4,1.8,1.4,1.5,0.8,2.4,33.3,0,0,8.9
Keita Bates-Diop,MIN,23,30,10,20,503,12,4.8,11.3,42.3,1,4.1,25,1.4,2.2,64.3,1.3,5.3,6.6,1.4,1.1,1.4,1.1,2.3,28.5,0,0,-4.2
Karl-Anthony Towns,MIN,23,77,34,43,2545,29.6,10.7,20.7,51.8,2.2,5.6,40,5.9,7.1,83.6,4.1,10.9,15,4.1,3.8,1.1,2,4.6,58.9,54,0,0.9
Josh Okogie,MIN,20,74,32,42,1757,13,4.5,11.6,38.6,1.4,4.9,27.9,2.7,3.7,72.8,0.9,4,5,2.1,1.4,2,0.8,3.8,28.9,1,0,-1.2
Jerryd Bayless,MIN,30,34,15,19,657,12.7,5,14,35.7,1.8,6,29.6,1,1.7,57.1,0.7,3.1,3.8,7.2,1.9,1.1,0.1,3.4,29.8,2,0,-9.8
Jeff Teague,MIN,31,42,23,19,1264,16.1,5.6,13.2,42.3,1.1,3.3,33.3,3.9,4.8,80.4,0.5,2.8,3.4,10.9,3.1,1.4,0.6,2.8,39.2,11,0,0
Jared Terrell,MIN,24,14,4,10,111,11.2,4.3,14.1,30.8,1.4,6.1,23.5,1.1,2.2,50,0.4,1.8,2.2,4.3,3.6,1.1,0.7,5.8,22.1,0,0,-9.7
Gorgui Dieng,MIN,29,76,33,43,1031,18.8,7.3,14.6,50.1,0.7,2.2,33.9,3.4,4.1,83,3.1,8.9,12.1,2.8,2.2,1.9,1.6,5.2,45.6,2,0,-4.5
Derrick Rose,MIN,30,51,24,27,1392,26.3,10.4,21.6,48.2,1.6,4.2,37,3.9,4.6,85.6,0.9,3.1,4,6.3,2.4,0.9,0.3,1.6,42,1,0,1
Dario Saric,MIN,25,81,39,42,2022,17,6,13.8,43.7,2.3,6.4,36.5,2.6,3,88,2.5,6.5,9,2.5,1.9,0.9,0.2,3.6,32.9,3,0,-1.3
Cameron Reynolds,MIN,24,19,6,13,259,14.6,5.1,12,42.3,3.2,7.9,41.2,1.2,1.4,88.9,0.6,4.2,4.8,2,0.8,0.9,0.3,4,26.3,0,0,-4
C.J. Williams,MIN,29,15,4,11,128,12.2,5.3,10.9,48.6,1.6,5,31.3,0,0.3,0,0.3,2.2,2.5,3.7,1.6,1.9,0,5,24.8,0,0,-15.3
Anthony Tolliver,MIN,34,65,27,38,1079,12.1,3.7,9.6,38.2,3,8,37.7,1.7,2.2,78.3,0.6,6,6.6,1.7,1.3,0.6,0.8,3.4,25.4,0,0,-2.4
Andrew Wiggins,MIN,24,73,31,42,2543,20.8,7.8,19,41.2,1.9,5.5,33.9,3.3,4.7,69.9,1.3,4.2,5.5,2.9,2.2,1.1,0.8,2.4,35.2,3,0,-1
Stanley Johnson,NOP,23,66,28,38,1207,15,5.7,14.6,38.9,2.1,7.1,28.8,1.7,2.1,78.1,1.1,6.1,7.2,2.9,2.7,2,0.5,3.8,32.7,0,0,-6.6
Solomon Hill,NOP,28,44,14,30,879,8.7,3.1,8.1,38.2,1.5,4.6,31.7,1,1.5,71.9,1.5,4.5,6.1,2.5,1.4,1,0.5,3.6,22.8,0,0,-5.8
Kenrich Williams,NOP,24,46,17,29,1079,10.3,4,10.3,38.4,1.9,5.8,33.3,0.5,0.7,68.4,2,6.1,8.1,3.1,1.3,1.7,0.7,3.5,30.5,1,0,-3.2
Julius Randle,NOP,24,73,31,42,2232,28.1,10.2,19.5,52.4,1.2,3.5,34.4,6.4,8.7,73.1,2.9,8.5,11.4,4.1,3.7,0.9,0.8,4.4,49.3,31,1,-0.2
Jrue Holiday,NOP,29,67,30,37,2402,23.6,9.1,19.3,47.2,2,6,32.5,3.5,4.5,76.8,1.2,4.3,5.6,8.6,3.5,1.8,0.9,2.5,47.9,18,0,3.8
Jason Smith,NOP,33,20,10,10,191,13.6,4.4,12.4,35.6,1.9,5.5,34.6,2.9,3.4,87.5,3.4,7.6,10.9,2.9,2.7,0.6,1.5,6.3,34.7,0,0,-10.3
Jahlil Okafor,NOP,23,59,23,36,935,20.7,9.1,15.5,58.6,0,0.2,20,2.5,3.8,66.3,3.5,8.4,11.9,1.7,2.2,0.6,1.7,4.1,42.4,6,0,-5
Ian Clark,NOP,28,60,24,36,973,16.5,6.2,15.8,39.4,2.7,8.3,32.7,1.4,1.5,89.2,0.5,3.1,3.7,3.9,2.4,0.9,0.3,3.9,28,0,0,-2.3
Frank Jackson,NOP,21,61,22,39,1169,16.9,6.6,15.3,43.4,1.8,5.8,31.4,1.8,2.5,74,0.9,3.7,4.6,2.4,1.6,0.9,0.1,3.1,27.1,0,0,-4.6
Elfrid Payton,NOP,25,42,18,24,1250,14.3,5.7,13.2,43.4,1.1,3.4,31.4,1.8,2.4,74.3,1.6,5.5,7,10.2,3.6,1.4,0.5,2.6,40.4,10,6,-2.2
E'Twaun Moore,NOP,30,53,21,32,1463,17.3,7,14.5,48.1,2.1,4.8,43.2,1.2,1.6,76.3,1,2.5,3.5,2.8,1.6,1.1,0.2,3.1,28,0,0,0.2
Darius Miller,NOP,29,69,31,38,1758,12.9,4.3,11,39,3,8.3,36.5,1.3,1.6,78.9,0.3,2.6,2.9,3.3,1.3,0.9,0.5,3.8,24.3,0,0,0.4
Dairis Bertans,NOP,29,12,3,9,167,8.1,2.9,11.3,25.5,2.4,8.1,29.4,0,0,0,0.5,1.7,2.2,2.4,0.5,0.2,0,1.7,14.6,0,0,-12
Christian Wood,NOP,23,21,13,8,250,27.5,9.7,18.7,52.1,1.4,4.2,34.6,6.6,8.9,73.2,2.7,10.5,13.3,1.3,2.7,1.1,1.6,2.7,50.8,2,0,-8.5
Cheick Diallo,NOP,22,64,27,37,896,17.3,7.5,12.1,62,0,0.2,25,2.2,3,74.6,3.3,11.5,14.8,1.5,2.2,1.3,1.5,5,43.4,10,0,-3.9
Anthony Davis,NOP,26,56,25,31,1850,31.4,11.5,22.2,51.7,1,3.1,33.1,7.4,9.4,79.4,3.8,10.8,14.5,4.7,2.4,1.9,2.9,2.9,67.9,37,0,2.9
Andrew Harrison,NOP,24,17,6,11,186,11.6,3.4,11.4,30.2,1.1,5.4,20,3.7,3.9,94.4,1.3,3,4.3,5.2,2.6,0.9,0.4,7.3,25.8,0,0,-4.7
Noah Vonleh,NYK,23,68,13,55,1722,13.3,4.8,10.2,47,1.1,3.2,33.6,2.6,3.6,71.2,2.6,9.6,12.3,3,2,1.1,1.2,4,37.2,18,0,-6.8
Mitchell Robinson,NYK,21,66,16,50,1360,14.3,5.9,8.6,69.4,0,0,0,2.4,4,60,5.2,7.2,12.4,1.1,1,1.5,4.7,6.4,48.6,11,0,-5.9
Mario Hezonja,NYK,24,58,12,46,1206,16.9,6.3,15.4,41.2,1.4,5,27.6,2.9,3.8,76.3,0.9,7,7.9,2.9,2.9,1.9,0.3,3.6,34.4,1,1,-8.7
Luke Kornet,NYK,23,46,9,37,784,16.4,5.5,14.4,37.8,3.6,9.8,36.3,1.9,2.3,82.6,1.4,5.5,6.9,2.8,1.3,1.4,2.1,2.1,38.1,1,0,-2.9
Lance Thomas,NYK,31,46,7,39,783,10.5,4,10.1,39.6,1.1,4,27.8,1.4,1.8,75,1.1,4.9,6,1.4,1.2,0.9,0.4,4.2,22.2,0,0,-9.7
Kevin Knox II,NYK,19,75,15,60,2158,17.9,6.3,16.9,37,2.3,6.7,34.3,3,4.2,71.7,1.1,5.1,6.2,1.5,2.1,0.8,0.4,3.2,29.2,3,0,-11.8
Kadeem Allen,NYK,26,19,3,16,416,18.2,6.3,13.6,46.1,1.6,3.5,47.2,4,5.2,77.8,0.8,4.1,4.9,7.3,2.5,1.5,0.4,4.4,38.3,0,0,-3.6
John Jenkins,NYK,28,26,8,18,333,14.5,5,12.6,40,2.6,7,37.9,1.8,2.2,83.3,0.7,3.7,4.4,2.6,1.1,0,0.2,1.2,23.5,0,0,-5.9
Isaiah Hicks,NYK,24,3,1,2,32,14.8,4.9,9.9,50,0,0,0,4.9,6.2,80,2.5,6.2,8.7,2.5,1.2,1.2,3.7,6.2,42.6,0,0,-2.5
Henry Ellenson,NYK,22,19,4,15,259,17.6,6,14.7,41.1,2.6,5.9,44.7,2.9,3.9,76,0.8,9.4,10.2,2.5,1.4,1.1,0.3,4.2,36.3,0,0,-1.5
Frank Ntilikina,NYK,20,43,9,34,904,10.9,4.2,12.5,33.7,1.5,5.1,28.7,1,1.3,76.7,0.5,3.3,3.9,5.4,2.5,1.3,0.6,4.6,26.9,0,0,-8.2
Emmanuel Mudiay,NYK,23,59,13,46,1607,21.7,8.2,18.4,44.6,1.7,5.2,32.9,3.6,4.6,77.4,0.8,4.1,4.9,5.7,3.5,1.1,0.5,2.6,37.2,1,0,-8.9
Dennis Smith Jr.,NYK,21,53,21,32,1508,19.1,7.4,17.2,42.8,1.8,5.5,32.2,2.6,4.1,63.5,0.8,3.3,4.1,6.7,4.1,1.8,0.5,3.4,36.9,2,1,-4
DeAndre Jordan,NYK,30,69,25,44,2047,14.8,5.6,8.7,64.1,0,0,0,3.6,5.2,70.5,4.4,13.2,17.6,3,3,0.8,1.4,3.3,44.3,42,0,-4.2
Damyean Dotson,NYK,25,73,12,61,2004,15.6,5.8,13.9,41.5,2.5,6.8,36.8,1.5,2,74.5,0.7,4.6,5.2,2.7,1.4,1.2,0.2,2.7,28.5,1,0,-6.5
Billy Garrett,NYK,24,4,1,3,63,16.4,6.9,17,40.7,0,5,0,2.5,2.5,100,0,1.9,1.9,4.4,1.3,0.6,0.6,1.9,27.8,0,0,-10.1
Allonzo Trier,NYK,23,64,13,51,1459,19.1,6.4,14.2,44.8,1.4,3.6,39.4,4.9,6.1,80.3,0.9,4.6,5.4,3.3,3.2,0.8,0.4,3.2,30.7,2,0,-5.6
Tyler Davis,OKC,22,1,1,0,1,0,0,43.9,0,0,0,0,0,0,0,43.9,0,43.9,0,0,0,0,0,52.7,0,0,0
Terrance Ferguson,OKC,21,74,44,30,1931,10.6,3.8,8.9,42.9,2.2,6,36.6,0.8,1.1,72.5,0.7,2.2,2.9,1.5,1,0.8,0.3,4.8,18.9,0,0,2.9
Steven Adams,OKC,25,80,47,33,2669,16.6,7.2,12.1,59.5,0,0,0,2.2,4.4,50,5.9,5.5,11.4,1.9,2,1.8,1.1,3.1,39.7,29,0,5.8
Russell Westbrook,OKC,30,73,44,29,2629,25.5,9.6,22.4,42.8,1.8,6.3,29,4.5,6.9,65.6,1.7,10.6,12.3,11.9,4.9,2.2,0.5,3.7,61.1,57,34,4.5
Raymond Felton,OKC,35,33,19,14,379,15,5.8,14.2,40.7,2.1,6.4,32.8,1.3,1.4,92.3,0.4,3.2,3.6,5.5,1.5,1.1,0.6,3.1,31.1,0,0,1.6
Paul George,OKC,29,77,46,31,2841,30.4,10,22.7,43.8,4.1,10.7,38.6,6.4,7.6,83.9,1.5,7.4,8.8,4.5,2.9,2.4,0.5,3,53.4,24,1,7
Patrick Patterson,OKC,30,63,40,23,861,10.6,3.8,10.2,37.4,2.1,6.4,33.6,0.9,1.4,63.3,2,4.9,6.8,1.4,1,0.7,0.6,2.1,24,0,0,-5.1
Nerlens Noel,OKC,25,77,48,29,1056,14.3,6.1,10.5,58.7,0,0,0,2,3,68.4,4.8,7.5,12.3,1.7,1.8,2.5,3.6,6.3,48.3,2,0,-2.8
Markieff Morris,OKC,29,58,24,34,1271,17.2,6.4,15.2,42.1,2.1,6.4,33.5,2.2,2.9,77.2,1.9,6.4,8.3,2.5,1.7,1.1,0.7,5.5,34.7,2,0,-5.1
Jerami Grant,OKC,25,80,48,32,2612,16.7,6.3,12.6,49.7,1.8,4.5,39.2,2.4,3.4,71,1.5,4.9,6.4,1.2,1,0.9,1.5,3.3,32.5,4,0,4.6
Jawun Evans,OKC,22,8,4,4,64,3.7,1.9,8.7,21.4,0,1.9,0,0,0,0,0.6,6.8,7.5,6.2,3.7,1.9,0,5,23.9,0,0,-31.7
Hamidou Diallo,OKC,20,51,29,22,526,14.4,5.7,12.5,45.5,0.3,1.8,16.7,2.7,4.5,61,2.9,4.5,7.4,1.3,1.7,1.6,0.8,5.9,30.5,0,0,-5.8
Donte Grantham,OKC,24,3,2,1,2,0,0,32.9,0,0,32.9,0,0,0,0,0,0,0,0,0,0,0,0,0,0,0,-32.9
Deonte Burton,OKC,25,32,21,11,240,13.7,5.5,13.7,40.2,1.3,4.5,29.6,1.3,2,66.7,0.7,4,4.7,1.5,1.5,1,1.3,5.2,27,0,0,4.5
Dennis Schroder,OKC,25,79,47,32,2314,21.2,7.9,19.1,41.4,2.1,6.3,34.1,3.2,3.9,81.9,0.7,4.3,4.9,5.6,3,1.1,0.2,3.3,36.4,3,0,2.9
Alex Abrines,OKC,25,31,21,10,588,11.2,3.8,10.7,35.7,2.8,8.6,32.3,0.8,0.9,92.3,0.3,2.9,3.3,1.4,1,1.2,0.4,3.6,20.9,0,0,2
Abdel Nader,OKC,25,61,38,23,694,13.9,5.2,12.4,42.3,1.8,5.8,32,1.6,2.1,75,0.8,5.9,6.7,1.2,1.5,1.2,0.7,3.9,27.7,0,0,-8.9
Wes Iwundu,ORL,24,68,36,32,1233,11,3.7,8.9,41.2,0.9,2.6,36.7,2.7,3.3,81.6,1.2,4.8,6,2.4,1.4,0.9,0.7,4,25.1,0,0,1.1
Troy Caupain,ORL,23,4,3,1,16,25.6,10.2,20.5,50,5.1,7.7,66.7,0,0,0,2.6,5.1,7.7,10.2,0,2.6,0,0,57.8,0,0,20.5
Terrence Ross,ORL,28,81,42,39,2150,22.8,8.2,19.1,42.8,4,10.5,38.3,2.3,2.7,87.5,0.5,4.7,5.2,2.5,1.7,1.3,0.5,2.2,36.7,0,0,0.1
Nikola Vucevic,ORL,28,80,41,39,2510,26.5,11.2,21.6,51.8,1.3,3.7,36.4,2.9,3.6,78.9,3.6,11.7,15.3,4.9,2.5,1.3,1.4,2.5,57.8,60,1,3.5
Mo Bamba,ORL,21,47,19,28,766,15.2,6.1,12.7,48.1,1.1,3.7,30,1.9,3.3,58.7,3.3,8.8,12.2,2,2.2,0.7,3.3,5.3,42.7,1,0,-12.5
Michael Carter-Williams,ORL,27,28,17,11,372,14.4,4.9,13.2,37.4,1.1,4.1,26.3,3.4,5.7,60.4,2,5.5,7.5,7.5,2.2,2.2,1.6,5.2,43.9,0,0,0.3
Melvin Frazier Jr.,ORL,22,10,8,2,44,13.5,6.3,18.9,33.3,0,5.4,0,0.9,3.6,25,2.7,1.8,4.5,0.9,0.9,0.9,0,5.4,22.1,0,0,-8.1
Markelle Fultz,ORL,21,19,12,7,427,14.5,6.1,14.5,41.9,0.4,1.3,28.6,2,3.5,56.8,2.4,4.1,6.6,5.5,2.3,1.6,0.5,4.9,34.5,0,0,-0.7
Khem Birch,ORL,26,50,26,24,643,14.9,5.7,9.4,60.3,0,0.1,0,3.6,5.2,69.9,4.9,6.9,11.8,2.4,1.2,1.1,1.8,4.5,40.2,1,0,2.7
Jonathan Isaac,ORL,21,75,37,38,1996,14.4,5.3,12.2,42.9,1.7,5.3,32.3,2.2,2.7,81.5,2,6.3,8.2,1.6,1.5,1.2,2,2.9,34.7,3,0,0.2
Jerian Grant,ORL,26,60,28,32,939,10.7,3.9,9.4,41.8,1.7,4.7,36.4,1.1,1.7,65,0.8,3.4,4.2,6.6,2.2,1.9,0.3,3.3,29.9,0,0,-6.3
Jarell Martin,ORL,25,42,20,22,328,14,5.2,12.7,41.3,2.4,7,35.1,1.1,1.3,81.8,1.3,7.6,8.9,2.2,1.3,0.4,1,6.2,30.7,0,0,3.8
Isaiah Briscoe,ORL,23,39,17,22,559,9.7,3.9,9.9,39.9,0.8,2.4,32.4,1.1,1.9,57.7,0.4,4.9,5.3,6.2,2.2,0.8,0.1,4.7,26,0,0,1.4
Evan Fournier,ORL,26,81,42,39,2553,19.2,7.3,16.7,43.8,2.4,7,34,2.1,2.7,80.6,0.6,3.4,4,4.6,2.4,1.1,0.2,3.5,32.5,1,0,1.5
D.J. Augustin,ORL,31,81,42,39,2269,16.7,5.6,11.9,47,2.3,5.5,42.1,3.2,3.7,86.6,0.7,2.9,3.6,7.5,2.3,0.9,0.1,2,33,4,0,3
Amile Jefferson,ORL,26,12,9,3,68,15.8,5.9,9.4,62.5,0,0,0,4.1,4.7,87.5,3.5,8.8,12.3,1.8,0.6,1.8,1.8,4.7,43.2,0,0,7.6
Aaron Gordon,ORL,23,78,40,38,2633,18.9,7.1,15.9,44.9,1.8,5.3,34.9,2.8,3.8,73.1,2,6.8,8.7,4.4,2.5,0.9,0.9,2.6,38.7,19,0,1.6
Zhaire Smith,PHI,20,6,2,4,111,14.5,5.1,12.3,41.2,2.2,5.8,37.5,2.2,2.9,75,1.1,3.6,4.7,3.6,2.2,0.7,0.7,2.9,27.7,0,0,5.1
Tobias Harris,PHI,26,82,46,36,2848,23.1,8.6,17.6,48.7,2.2,5.5,39.7,3.7,4.3,86.6,1,8.1,9.1,3.2,2.1,0.7,0.5,2.6,40.4,15,0,0.2
T.J. McConnell,PHI,27,76,46,30,1470,13.1,6,11.4,52.5,0.4,1.1,33.3,0.8,1,78.4,0.8,4,4.7,7,2.5,2.1,0.5,2.9,34.7,0,0,-0.2
Shake Milton,PHI,22,20,10,10,268,13,5.1,13,39.1,2.1,6.6,31.8,0.7,1,71.4,1.3,3.9,5.2,2.7,0.9,1.2,1.2,4.3,29.5,0,0,-0.1
Mike Scott,PHI,30,79,44,35,1396,13.2,4.8,12,40,2.9,7.2,40.1,0.6,0.9,66.7,1.2,6.7,7.9,1.9,1.3,0.7,0.4,4.5,27.6,0,0,1.2
Justin Patton,PHI,22,3,2,1,21,9.7,3.9,13.6,28.6,0,3.9,0,1.9,3.9,50,3.9,7.8,11.7,5.8,0,3.9,0,9.7,44.1,0,0,-5.8
Jonathon Simmons,PHI,29,56,25,31,1064,13.8,5,13.2,38,1.1,3.9,26.9,2.7,3.6,74.2,1,3.7,4.7,4.8,2.6,1.1,0.6,3.3,29.1,0,0,-5.6
Jonah Bolden,PHI,23,44,24,20,639,13,5,10.1,49.4,2.1,6,35.4,0.8,1.7,48.1,2.9,7.4,10.3,2.5,2.3,1.1,2.4,6.2,37.4,1,0,-1.8
Joel Embiid,PHI,25,64,43,21,2154,32.7,10.8,22.3,48.4,1.5,4.9,30,9.7,12.1,80.4,3,13.2,16.2,4.3,4.2,0.9,2.3,3.9,63.8,58,2,6.9
Jimmy Butler,PHI,29,65,38,27,2185,22.2,7.7,16.5,46.2,1.2,3.5,34.7,5.7,6.7,85.5,2.2,4,6.3,4.8,1.7,2.3,0.7,2,44.1,3,0,2.9
James Ennis III,PHI,28,58,35,23,1230,12.7,4.5,9.6,46.9,1.8,5.1,35.3,1.9,2.6,71.6,2,4,5.9,1.3,1.1,1.3,0.7,4.9,26.9,0,0,-0.3
JJ Redick,PHI,35,76,49,27,2379,23.1,7.6,17.3,44,4,10.2,39.7,3.8,4.3,89.4,0.3,2.8,3.1,3.5,1.7,0.5,0.3,2.2,32.8,1,0,5.2
Haywood Highsmith,PHI,22,5,2,3,40,9,4,10.1,40,1,5,20,0,2,0,0,5,5,2,1,1,0,1,20.1,0,0,-23.1
Greg Monroe,PHI,29,43,28,15,480,19.2,7.7,15.8,48.7,0.1,0.4,20,3.8,6,62.5,5.6,8.8,14.3,2,2.7,1.2,0.7,5.5,42.2,0,0,-6
Furkan Korkmaz,PHI,21,48,30,18,679,16.4,5.8,14.4,40,2.8,8.5,32.6,2.1,2.6,81.8,0.9,5.4,6.3,3.1,1.5,1.7,0.1,3.7,32.6,0,0,3.6
Demetrius Jackson,PHI,24,6,5,1,39,22.3,8.1,15.2,53.3,2,6.1,33.3,4.1,4.1,100,2,1,3,5.1,1,2,0,4.1,38.6,0,0,-11.2
Boban Marjanovic,PHI,30,58,31,27,681,24.8,9.4,15.3,61.5,0.2,0.6,40,5.8,7.7,74.8,5.1,10.5,15.6,3.2,3.5,0.9,1.6,5.3,52.4,6,0,0.2
Ben Simmons,PHI,22,79,50,29,2700,19.8,8,14.2,56.3,0,0.1,0,3.8,6.3,60,2.5,7.8,10.3,9,4.1,1.7,0.9,3.1,49.4,42,10,1.7
Amir Johnson,PHI,32,51,32,19,529,15.2,6,11.9,50.3,0.9,3,30,2.3,3.1,75.6,3.6,7.6,11.1,4.5,3.4,1.2,1,7.5,38.5,0,0,-5.3
Tyler Johnson,PHX,27,57,26,31,1529,16.2,5.7,13.8,41.3,2.4,6.8,34.6,2.5,3.3,74.8,0.9,3.6,4.5,4.3,2,1.4,0.7,2.5,32.5,0,0,-3.3
Troy Daniels,PHX,27,51,13,38,760,16.7,5.9,14.5,41.1,3.9,10.2,38.1,0.9,1.2,78.3,0.7,3.2,3.8,1.4,1.4,1.4,0.3,4.2,26.9,0,0,-5.9
T.J. Warren,PHX,25,43,10,33,1360,22.7,8.7,18,48.6,2.3,5.3,42.8,3,3.6,81.5,0.9,4.2,5.1,1.9,1.5,1.5,0.9,3.5,37.2,0,0,-6.6
Richaun Holmes,PHX,25,70,16,54,1184,19.3,7.5,12.3,60.8,0,0,0,4.3,5.9,73.1,3.9,7.3,11.2,2,1.8,1.4,2.7,6.6,46.3,5,0,-5.8
Ray Spalding,PHX,22,14,3,11,148,14.6,6.8,12.7,53.2,0,0.8,0,1.1,3.3,33.3,4.1,8.9,13,1.4,2.4,2.4,2.2,6.2,43.7,1,0,-5.7
Quincy Acy,PHX,28,10,2,8,123,5.5,1.3,5.9,22.2,0.7,4.9,13.3,2.3,3.3,70,1,7.2,8.1,2.6,1.3,0.3,1.3,7.8,22.8,0,0,1.3
Mikal Bridges,PHX,22,82,19,63,2417,11.3,4,9.3,43,1.7,5.2,33.5,1.6,2,80.5,0.9,3.4,4.4,2.9,1.2,2.1,0.6,3.3,28,0,0,-6.4
Kelly Oubre Jr.,PHX,23,69,21,48,1935,21.6,7.8,17.4,44.5,2.2,7,32,3.9,5,77.5,1.5,5.3,6.7,1.7,2.1,1.7,1.2,3.7,39.1,3,0,-5.7
Josh Jackson,PHX,22,79,19,60,1988,18.3,7,16.9,41.3,1.5,4.5,32.4,2.9,4.3,67.1,1.3,5.7,7,3.7,3.5,1.5,1.1,4.2,36.6,2,0,-8.7
Jimmer Fredette,PHX,30,6,1,5,65,13.6,4.9,17.9,27.6,0,8,0,3.7,3.7,100,0.6,3.7,4.3,4.9,3.1,1.9,0,3.1,28.7,0,0,-23.5
Jamal Crawford,PHX,39,64,13,51,1211,16.8,5.7,14.5,39.7,2.2,6.7,33.2,3.1,3.6,84.5,0.3,2.5,2.8,7.6,3.3,1.1,0.4,2.5,32.7,0,0,-12.5
George King,PHX,25,1,0,1,6,0,0,0,0,0,0,0,0,0,0,0,6.8,6.8,0,0,0,0,0,8.1,0,0,-61
Elie Okobo,PHX,21,53,7,46,958,12.7,4.8,12.1,39.3,1.6,5.5,29.5,1.5,2,78.7,0.5,3.6,4.1,5.3,2.9,1.3,0.3,4.6,27.6,0,0,-8.9
Dragan Bender,PHX,21,46,9,37,826,11.1,4.3,9.5,44.7,1.1,4.9,21.8,1.5,2.6,59.3,1.6,7.2,8.9,2.7,1.8,0.9,1.1,4.4,29.9,5,0,-7.7
Devin Booker,PHX,22,64,15,49,2242,30.3,10.5,22.4,46.7,2.4,7.4,32.6,7,8.1,86.6,0.7,4,4.7,7.7,4.7,1,0.2,3.6,46.6,12,0,-5.9
Deandre Ayton,PHX,20,71,17,54,2183,21.2,9.3,15.9,58.5,0,0.1,0,2.6,3.5,74.6,4.1,9.3,13.4,2.3,2.3,1.1,1.2,3.8,45.4,39,0,-7
De'Anthony Melton,PHX,21,50,13,37,984,10.2,4.1,10.4,39.1,1.2,3.9,30.5,0.9,1.1,75,1,4.4,5.4,6.5,3,2.8,0.9,4.6,34.4,0,0,-6.8
Zach Collins,POR,21,77,51,26,1356,15.1,5.6,11.8,47.3,1.2,3.6,33.1,2.8,3.7,74.6,3.2,6.3,9.6,2.1,2.3,0.7,1.9,5.1,35.5,0,0,-0.3
Wade Baldwin IV,POR,23,16,10,6,94,12.8,4.3,14.1,30.3,0.9,3.8,22.2,3.4,4.7,72.7,0.9,5.6,6.4,5.1,6,0.4,0.9,4.7,26.1,0,0,-28.2
Skal Labissiere,POR,23,22,12,10,176,15.2,5.9,11.1,53.1,1.4,2.9,46.2,2,3.9,52.9,2,7.7,9.7,2.5,2.5,1.1,1.4,6.6,35.6,1,0,-6.8
Seth Curry,POR,28,74,49,25,1399,16.6,6.1,13.3,45.6,3.2,7.2,45,1.3,1.5,84.6,0.8,2.7,3.4,1.9,1.7,1,0.3,2.8,25.9,0,0,3.8
Rodney Hood,POR,26,72,29,43,1893,17,6.2,14.2,43.5,1.8,5,35.6,2.9,3.3,88.4,0.5,2.8,3.3,2.7,1.2,1.2,0.3,3.1,28.3,0,0,-5.8
Meyers Leonard,POR,27,61,35,26,878,16.3,6,11,54.5,2.3,5.1,45,2,2.3,84.3,2.2,8.4,10.6,3.4,2,0.6,0.4,4.8,35.2,2,0,-3.5
Maurice Harkless,POR,26,60,37,23,1415,13,5.3,11,48.7,0.9,3.4,27.5,1.4,2.1,67.1,2.2,5.4,7.6,2.1,1.3,1.9,1.5,4.6,34.2,2,0,6.7
Jusuf Nurkic,POR,24,72,45,27,1974,22.8,8.5,16.7,50.8,0.1,0.6,10.3,5.7,7.4,77.3,4.9,10.2,15.2,4.7,3.4,1.4,2.1,5.1,55.3,36,1,8.7
Jake Layman,POR,25,71,46,25,1327,16.3,6.5,12.8,50.9,1.8,5.5,32.6,1.5,2.1,70.4,1.7,4.9,6.5,1.6,1.4,0.9,0.9,3.5,30.7,1,0,2.1
Gary Trent Jr.,POR,20,15,14,1,111,14.5,5.8,18.1,32,1.8,7.6,23.8,1.1,2.5,42.9,0.4,3.6,4,1.8,1.4,0.4,0.7,1.4,23.8,0,0,-2.9
Evan Turner,POR,30,73,47,26,1606,12.3,5.1,11,46,0.3,1.3,21.2,1.9,2.6,70.8,0.9,7.2,8.2,7,2.8,0.8,0.4,2.7,33.7,3,2,0.7
Enes Kanter,POR,27,67,28,39,1639,22.3,9.1,16.7,54.9,0.2,0.8,29.4,3.8,4.8,78.7,6.3,9.8,16.1,2.8,2.9,0.8,0.6,4.1,47.2,32,0,-4.6
Damian Lillard,POR,28,80,51,29,2838,29.1,9.6,21.6,44.4,3.3,9.1,36.9,6.6,7.2,91.2,1,4.3,5.2,7.8,3,1.2,0.5,2.1,49.2,13,0,7
CJ McCollum,POR,27,70,43,27,2375,24.7,9.6,20.9,45.9,2.8,7.5,37.5,2.7,3.2,82.8,1,3.7,4.7,3.5,1.8,0.9,0.5,2.9,38.1,1,1,5.9
Anfernee Simons,POR,20,20,17,3,141,21.4,8,17.9,44.4,2.8,8.3,34.5,2.6,4.6,56.3,0.9,2.8,3.7,3.7,3.1,0.3,0,2.6,29.1,0,0,-14.8
Al-Farouq Aminu,POR,28,81,52,29,2292,13.3,4.5,10.4,43.3,1.7,4.9,34.3,2.6,3,86.7,2,8.7,10.6,1.8,1.3,1.2,0.6,2.5,32.8,12,0,6.7
Yogi Ferrell,SAC,26,71,33,38,1067,15.8,5.7,13.2,43.5,2,5.6,36.2,2.3,2.5,89.6,0.5,3.6,4.1,5.1,1.5,1.4,0.2,2.4,31.4,0,0,-2.1
Willie Cauley-Stein,SAC,25,81,39,42,2213,17.4,7.4,13.4,55.6,0,0,50,2.5,4.6,55.1,3.3,9,12.3,3.5,1.5,1.7,0.9,4.1,43.9,22,0,1
Troy Williams,SAC,24,21,7,14,312,14.2,5.6,12.6,44.9,1.8,5.6,31.8,1.2,1.9,60,1.5,6,7.6,1.4,1.2,1.3,1,4.7,31.2,0,0,-8.6
Nemanja Bjelica,SAC,31,77,38,39,1788,16.6,6.4,13.3,47.9,2.3,5.7,40.1,1.6,2.1,76.1,2.8,7.1,9.9,3.3,1.8,1.2,1.3,4.4,39,9,0,1.8
Marvin Bagley III,SAC,20,62,30,32,1567,23.6,9.1,18,50.4,0.8,2.4,31.3,4.6,6.7,69.1,4.1,7.9,12,1.6,2.5,0.8,1.5,3.1,44.9,19,0,-2.6
Kosta Koufos,SAC,30,42,21,21,502,12.4,5.8,12.2,47.7,0,0,0,0.8,1.9,41.7,4.1,10,14.1,2.9,2.2,1.2,1.4,5.4,39.4,0,0,-2.6
Harry Giles III,SAC,21,58,26,32,820,19.9,8.5,17,50.3,0,0.3,0,2.8,4.4,63.7,3.2,7.6,10.8,4.1,3.6,1.5,1.1,7.3,43.3,0,0,-5.2
Harrison Barnes,SAC,27,77,34,43,2533,20,6.8,16.2,42,2.7,7,39.5,3.6,4.4,82.4,0.9,4.8,5.7,1.8,1.5,0.8,0.2,1.9,31,4,0,-0.9
Frank Mason,SAC,25,38,16,22,435,17.9,6.5,15.5,42,1.3,5.9,21.9,3.6,5.2,68.4,0.6,3.4,3.9,7.7,3.3,1.5,0.4,3.1,36.4,0,0,-13.4
De'Aaron Fox,SAC,21,81,39,42,2546,22,7.9,17.3,45.8,1.4,3.6,37.1,4.8,6.6,72.7,0.7,4.1,4.8,9.3,3.6,2.1,0.7,3.2,46.4,16,1,1.1
Corey Brewer,SAC,33,31,13,18,492,12.3,4.3,10,43.1,1.1,3.6,31.8,2.5,3.5,72.1,2.1,4.1,6.2,3.2,1.5,2.6,0.6,5.1,32.4,0,0,0.1
Caleb Swanigan,SAC,22,21,10,11,178,9.7,4,11.9,34,0.2,1.6,14.3,1.3,2,66.7,3.8,10.6,14.4,2.5,4,1.3,0.2,6.3,31.3,1,0,-13.7
Buddy Hield,SAC,26,82,39,43,2615,25.9,9.5,20.8,45.8,4.3,10,42.7,2.6,3,88.6,1.6,4.7,6.3,3.1,2.2,0.9,0.5,3.1,40.1,3,0,0
Bogdan Bogdanovic,SAC,26,70,32,38,1947,20.3,7.4,17.7,41.8,2.8,7.6,36,2.8,3.3,82.7,0.8,4.2,5,5.5,2.4,1.5,0.3,2.9,37.5,1,0,-0.8
Ben McLemore,SAC,26,19,7,12,158,19,6.3,16.2,39.1,4.3,10.4,41.5,2,3,66.7,0.8,3.6,4.3,1,1.3,1.5,0.8,5.6,31.3,0,0,-4.3
BJ Johnson,SAC,23,7,2,5,49,18.6,7.3,14.6,50,2.4,5.7,42.9,1.6,1.6,100,1.6,4.9,6.5,0,1.6,1.6,0,3.2,29.7,0,0,-13
Alec Burks,SAC,27,64,19,45,1375,16.3,5.6,13.8,40.5,1.8,4.9,36.3,3.4,4.1,82.3,0.9,6,6.8,3.7,1.9,1.1,0.6,2.6,33.5,1,0,-8.7
Rudy Gay,SAS,32,69,42,27,1842,20.5,8.2,16.2,50.4,1.6,4,40.2,2.6,3.2,81.6,1.4,8.8,10.2,4,2.5,1.2,0.7,3.5,42,9,0,3.5
Quincy Pondexter,SAS,31,53,29,24,292,13.4,4,7.9,50,0.8,2.5,33.3,4.7,5.8,81,1.1,5.2,6.3,3.3,1.8,1.5,0.1,3.3,29.1,0,0,-1.9
Patty Mills,SAS,30,82,48,34,1908,17,5.9,13.9,42.5,3.3,8.5,39.4,1.8,2.2,85.4,0.5,3.3,3.8,5.1,1.9,1,0.2,2.7,31.1,0,0,4.2
Marco Belinelli,SAS,33,79,46,33,1815,18.3,6.3,15.2,41.3,3.2,8.7,37.2,2.5,2.7,90.3,0.4,4,4.4,2.9,1.6,0.8,0.2,2.7,29.1,1,0,0.7
Lonnie Walker IV,SAS,20,17,12,5,118,15.3,5.4,15.6,34.8,1.7,4.4,38.5,2.7,3.4,80,0,5.8,5.8,3.1,1.4,2.4,1,2.4,35.6,0,0,-18.7
LaMarcus Aldridge,SAS,33,81,48,33,2687,25.7,10.2,19.6,51.9,0.1,0.6,23.8,5.2,6.1,84.7,3.7,7.3,11.1,2.9,2.1,0.6,1.6,2.7,47.9,32,0,1.3
Jakob Poeltl,SAS,23,77,43,34,1273,13.3,5.9,9.1,64.5,0,0,0,1.5,2.9,53.3,5.6,7.3,12.9,2.9,1.5,0.9,2.1,3.9,40.8,1,0,2.8
Drew Eubanks,SAS,22,23,13,10,113,14.5,5.3,9.2,57.7,0,0,0,3.9,4.6,84.6,2.1,9.9,12,2.5,2.8,0.7,1.8,3.9,37.1,0,0,-7.4
Donatas Motiejunas,SAS,28,3,3,0,13,18.8,9.4,18.8,50,0,0,0,0,6.3,0,6.3,3.1,9.4,3.1,9.4,0,3.1,18.8,34.7,0,0,-50.1
Derrick White,SAS,24,67,41,26,1728,15.3,6,12.6,47.9,1.1,3.3,33.8,2.2,2.8,77.2,0.8,4.9,5.7,6.1,2.2,1.6,1.1,3.4,37,0,0,3.5
DeMar DeRozan,SAS,29,77,44,33,2688,24.3,9.4,19.5,48.1,0.1,0.7,15.6,5.4,6.6,83,0.8,6.1,6.9,7.1,3,1.3,0.5,2.6,45.7,12,1,0.1
Davis Bertans,SAS,26,76,44,32,1632,14.9,5,11.1,45,3.6,8.3,42.9,1.3,1.5,88.3,0.6,5.9,6.5,2.5,1.1,0.9,0.8,3.3,30.2,0,0,6.3
Dante Cunningham,SAS,32,64,36,28,928,8.4,3.2,6.8,47.5,1.3,2.8,46.2,0.6,0.8,77.8,2.1,6,8.1,2.2,0.9,1.2,0.6,3.1,25.5,0,0,-7.4
Chimezie Metu,SAS,22,29,14,15,145,14,5.2,16,32.8,0,0.6,0,3.6,4.7,76.5,2.5,7.4,9.9,3.6,4.1,1.7,0.6,3.9,33.7,0,0,-0.3
Bryn Forbes,SAS,25,82,48,34,2293,16.9,6.3,13.8,45.6,3.1,7.2,42.6,1.2,1.4,88.5,0.3,3.9,4.2,3.1,1.4,0.8,0.1,2.8,27.6,1,0,-0.1
Serge Ibaka,TOR,29,74,53,21,2010,22.1,9.2,17.4,52.9,1,3.4,29,2.7,3.5,76.3,3.1,8.9,12,2,2.2,0.6,2,4.2,45.1,22,0,5.1
Patrick McCaw,TOR,23,29,17,12,397,7.5,2.6,6.3,41.3,0.9,2.8,32.1,1.3,1.5,86.7,0.7,4.1,4.8,2.9,1.7,2.3,0.2,3.8,23.5,0,0,-6
Pascal Siakam,TOR,25,80,57,23,2548,21.3,8.1,14.8,54.9,1.2,3.4,36.9,3.7,4.7,78.5,1.9,6.7,8.6,3.9,2.4,1.1,0.8,3.8,40.9,18,0,9.3
OG Anunoby,TOR,21,67,46,21,1352,13.9,5.4,12,45.3,2,6,33.2,1.1,1.8,58.1,1.7,4.1,5.8,1.4,1.6,1.4,0.7,4.1,27.4,0,0,-1.4
Norman Powell,TOR,26,60,45,15,1126,18.3,6.9,14.2,48.3,2.4,6,40,2.2,2.7,82.7,0.6,4.4,4.9,3.2,2.3,1.4,0.5,3.4,32.3,0,0,0.5
Marc Gasol,TOR,34,79,39,40,2436,17.6,6.4,14.3,44.8,1.6,4.5,36.3,3.2,4.2,75.9,1.3,9,10.3,5.7,2.5,1.4,1.4,3.6,44.4,19,1,2.6
Malcolm Miller,TOR,26,10,9,1,67,20.9,6.6,15.5,42.3,6,12.5,47.6,1.8,2.4,75,0.6,2.4,3,0.6,0.6,0.6,0.6,3,28.3,0,0,-4.8
Malachi Richardson,TOR,23,22,16,6,103,11.6,3.5,11.2,31,3.1,9.7,32,1.5,1.9,80,0.8,4.3,5,0,3.1,0.4,0,5,15.7,0,0,-4.3
Lorenzo Brown,TOR,28,26,20,6,212,10.4,4.3,13.4,32.4,1.1,5.3,21.4,0.6,0.6,100,0.9,4.9,5.8,5.3,3,2.3,0.9,4.1,31.9,0,0,-6.4
Kyle Lowry,TOR,33,65,47,18,2213,16.7,5.5,13.4,41.1,2.8,8.2,34.7,2.9,3.5,83,0.7,4.9,5.6,10.2,3.3,1.6,0.6,3,42.1,20,2,9.7
Kawhi Leonard,TOR,28,60,41,19,2040,31.3,11,22.1,49.6,2.2,5.9,37.1,7.1,8.4,85.4,1.5,7.1,8.6,3.9,2.4,2.1,0.5,1.7,52.7,14,0,7
Jordan Loyd,TOR,25,12,11,1,55,21.2,5.8,13.1,44.4,2.9,5.8,50,6.6,8,81.8,0.7,5.8,6.6,4.4,1.5,0,0,3.6,34.1,0,0,-14.6
Jodie Meeks,TOR,31,8,7,1,104,19.6,8.1,15,53.8,3.1,6.9,44.4,0.4,0.4,100,0.4,4.2,4.6,3.1,0.8,0.4,0.4,1.9,31.3,0,0,5
Jeremy Lin,TOR,30,74,31,43,1436,19.7,6.6,15.1,44,1.5,5.2,29.4,4.9,5.8,83.8,0.6,4.4,5,6.4,3.5,1.3,0.4,4,36.9,1,0,-5.1
Fred VanVleet,TOR,25,64,46,18,1760,15.9,5.6,13.6,41,2.5,6.7,37.8,2.2,2.6,84.3,0.5,3.3,3.8,7,1.9,1.3,0.5,2.5,34.3,1,0,6.8
Eric Moreland,TOR,27,5,3,2,43,6.5,2.8,6.5,42.9,0.9,0.9,100,0,0,0,3.7,14.8,18.5,3.7,4.6,0.9,0.9,8.3,35.2,0,0,-15.7
Danny Green,TOR,32,80,56,24,2215,14.8,5.3,11.4,46.5,3.6,7.9,45.5,0.7,0.8,84.1,1.1,4.6,5.7,2.3,1.4,1.3,1,3.1,30.6,1,0,11.5
Chris Boucher,TOR,26,28,21,7,163,22.8,8.3,18.6,44.7,2.9,9.1,32.4,3.2,3.7,86.7,3.9,9.8,13.7,0.5,1.7,1.5,5.9,7.6,60.4,1,0,-3.2
Tyler Cavanaugh,UTA,25,11,7,4,39,9.1,3,10.1,30,1,5.1,20,2,2,100,3,5.1,8.1,1,1,0,0,3,19.3,0,0,-37.5
Tony Bradley,UTA,21,3,2,1,36,18.9,8.9,17.8,50,0,0,0,1.1,2.2,50,10,6.7,16.7,1.1,3.3,2.2,2.2,6.7,50.7,1,0,-20.1
Thabo Sefolosha,UTA,35,50,28,22,609,12.5,4.7,9.8,47.7,2.2,5.1,43.6,0.9,1.4,63.6,0.5,7.6,8.1,1.8,1.6,2.8,0.3,2.7,32.7,1,0,8.1
Rudy Gobert,UTA,27,81,50,31,2577,19.9,7.4,11.1,66.9,0,0,0,5.2,8.1,63.6,4.8,11.4,16.2,2.5,2,1,2.9,3.6,52.8,66,0,6
Royce O'Neale,UTA,26,82,50,32,1671,10.2,3.9,8.2,47.5,1.6,4.2,38.6,0.8,1,76.2,0.5,6.3,6.8,3,1.7,1.3,0.6,4.1,26.8,1,0,4.1
Ricky Rubio,UTA,28,68,40,28,1899,18.2,6.2,15.4,40.4,1.7,5.4,31.1,4.1,4.8,85.5,0.7,4.4,5.1,8.8,3.8,1.9,0.2,3.8,40.1,7,0,5.3
Raul Neto,UTA,27,37,26,11,474,16.6,6.3,13.6,46,1.7,5.1,33.3,2.4,2.8,84.8,0.5,4.7,5.2,7.9,3,1.2,0.3,4.1,36.2,0,0,14.8
Naz Mitrou-Long,UTA,25,14,9,5,84,7.6,2.9,9.5,30,1,5.2,18.2,1,1,100,0.5,2.4,2.9,7.2,3.8,0.5,0.5,4.8,20.8,0,0,-18.6
Kyle Korver,UTA,38,70,39,31,1334,18,6,14.5,41.6,4.1,10.4,39.7,1.8,2.2,82.2,0.3,4.6,4.9,2.4,1.8,0.7,0.4,3.2,29,0,0,3.9
Joe Ingles,UTA,31,82,50,32,2568,15.5,5.6,12.5,44.8,2.9,7.5,39.1,1.4,1.9,70.7,0.5,4.6,5.1,7.3,3,1.5,0.3,2.8,35.1,7,0,6.7
Jae Crowder,UTA,28,80,48,32,2166,17.6,5.9,14.7,39.9,3.2,9.6,33.1,2.6,3.6,72.1,1.1,6,7.1,2.5,1.6,1.2,0.6,3.1,33.5,3,0,4.2
Grayson Allen,UTA,23,38,22,16,416,20.3,6.4,17.1,37.6,3.1,9.5,32.3,4.3,5.8,75,0.3,1.9,2.2,2.4,3.2,0.6,0.6,4.5,26.8,0,0,-11.1
Georges Niang,UTA,26,59,41,18,516,18.2,6.7,14,47.5,3.3,8.1,41,1.5,1.9,83.3,0.9,5.9,6.7,2.7,1.8,0.8,0.5,4.4,32.3,0,0,-7.2
Ekpe Udoh,UTA,32,51,35,16,320,14.9,6.2,9,69.4,0,0,0,2.4,3.7,63.3,3.4,7.9,11.2,3.5,1.6,1.2,3.9,4.5,47.4,1,0,-6.4
Donovan Mitchell,UTA,22,77,49,28,2598,28.2,10.2,23.6,43.2,2.9,8,36.2,4.9,6.1,80.6,0.9,4,4.9,5,3.4,1.6,0.5,3.2,44.4,1,0,5.7
Derrick Favors,UTA,27,76,46,30,1766,20.3,8.2,14,58.6,0.4,1.8,21.8,3.5,5.2,67.5,4.7,8,12.7,2,1.9,1.3,2.4,3.7,47.7,15,0,4.2
Dante Exum,UTA,23,42,21,21,664,17.3,6.1,14.5,41.9,1.1,3.7,29,4.1,5.2,79.1,1,3.1,4.1,6.6,3.1,0.8,0.3,4.2,32.5,1,0,2.9
Wesley Johnson,WAS,31,38,17,21,534,9.6,3.4,9.6,35.2,1.9,5.7,32.9,1,1.4,68.4,0.9,4.5,5.4,1.7,1.3,1,0.9,4.7,23.1,0,0,-6.9
Troy Brown Jr.,WAS,19,52,20,32,730,13.6,5.3,12.8,41.5,1.2,3.8,31.9,1.8,2.6,68.1,1.9,6,7.9,4.4,1.6,1.2,0.3,3.1,32.3,0,0,-0.1
Trevor Ariza,WAS,33,69,22,47,2349,14.7,5,12.5,39.9,2.5,7.4,33.4,2.2,2.8,79.3,0.9,5.5,6.3,4.3,1.8,1.5,0.4,2.2,32.6,5,0,-5.7
Tomas Satoransky,WAS,27,80,32,48,2164,13.1,4.8,9.8,48.5,1.2,3,39.5,2.4,3,81.9,1.5,3.6,5.2,7.4,2.2,1.5,0.2,3.2,33.4,7,1,-1
Thomas Bryant,WAS,21,72,29,43,1496,20.3,8.3,13.4,61.6,0.9,2.6,33.3,2.9,3.7,78.1,3,9.1,12.1,2.5,1.6,0.7,1.8,3.4,44.3,14,0,-2.9
Sam Dekker,WAS,25,47,14,33,789,14.6,6.1,13,46.9,1,3.1,30.6,1.4,2.3,60.9,2.7,4.8,7.5,2.3,1.2,1.9,0.4,2.4,32.7,0,0,-4.5
Ron Baker,WAS,26,15,4,11,152,3.7,1.1,5.3,20,0.3,3.4,7.7,1.3,1.6,83.3,0.3,2.6,2.9,3.9,1.3,1.6,0.3,4.7,17.3,0,0,-5.3
Okaro White,WAS,26,3,2,1,6,0,0,12.7,0,0,12.7,0,0,0,0,6.4,6.4,12.7,0,0,0,0,0,15.3,0,0,-19.1
Jordan McRae,WAS,28,27,9,18,333,19.2,7.3,15.6,46.9,1.2,4.2,28.6,3.4,4.2,80,0.7,4.1,4.8,3.6,1.8,1.6,0.8,3.1,35.8,0,0,-2.6
John Wall,WAS,28,32,11,21,1104,24,8.9,20,44.4,1.8,6.1,30.2,4.4,6.3,69.7,0.5,3.7,4.2,10.1,4.4,1.8,1.1,2.6,48.3,10,0,-5.5
Jeff Green,WAS,32,77,29,48,2097,18,6.2,13.1,47.5,2.1,6.1,34.7,3.5,3.9,88.8,1.1,4.8,5.9,2.6,1.9,0.8,0.7,3.1,31.8,2,0,-1.8
Jabari Parker,WAS,24,64,18,46,1724,21.6,8.6,17.4,49.3,1.4,4.5,31.3,3,4.3,71.2,1.8,7.9,9.8,3.5,3.5,1.1,0.7,3.4,40.4,8,0,-4.7
Ian Mahinmi,WAS,32,34,12,22,498,11.2,3.8,8.4,45.2,0.2,1.3,18.8,3.4,4.9,68.9,3.9,6.4,10.3,2,1.7,2,1.3,6.8,34.7,1,0,-2.7
Gary Payton II,WAS,26,3,2,1,16,27.6,12.6,20.1,62.5,2.5,5,50,0,0,0,2.5,2.5,5,10.1,2.5,7.5,2.5,5,76.4,0,0,27.6
Dwight Howard,WAS,33,9,4,5,230,20,7.5,12,62.3,0,0,0,5.1,8.4,60.4,4.2,10.3,14.5,0.7,2.8,1.2,0.7,5.9,41.4,3,0,-8.7
Devin Robinson,WAS,24,7,1,6,95,19.9,8,13.5,59.4,0,0.8,0,3.8,5.9,64.3,2.5,5.9,8.5,2.5,0.8,1.7,2.5,4.7,45.7,0,0,-3.8
Chasson Randle,WAS,26,49,19,30,743,14.6,4.9,11.7,41.9,2.5,6.2,40,2.3,3.3,69.4,0.5,2.5,3,5.2,2.3,1.3,0.2,4.9,28.3,0,0,-5.9
Bradley Beal,WAS,26,82,32,50,3028,27.7,10.1,21.3,47.5,2.8,7.9,35.1,4.8,5.9,80.8,1.2,4.3,5.4,5.9,3,1.6,0.8,3,47.3,11,2,-1.5
Bobby Portis,WAS,24,50,14,36,1298,21.9,8.6,19.4,44.4,2.3,5.9,39.3,2.4,3,79.4,3.4,9.1,12.4,2.2,2.3,1.1,0.6,4.5,42.9,14,0,-3.4